7575,# doc = filename.2.txt,,,,,,,,,,,,,,,,
7576,# speaker = Катя,,,,,,,,,,,,,,,,
7577,# sent = 652,,,,,,,,,,,,,,,,
7578,,Почему,ПОЧЕМУ,ADV -,,,   _Почему_ ты выбрал именно,у,м,е,ч,о,п,ADV,ПОЧЕМУ,ADV -,У
7579,,ты,ТЫ,SPRO sg 2p - nom,,,  Почему _ты_ выбрал именно баскетбол,ы,т,,,,,SPRO,ТЫ,SPRO sg 2p - nom,Ы
7580,,выбрал,ВЫБРАТЬ,V pf praet sg indic m -,,, Почему ты _выбрал_ именно баскетбол ?,л,а,р,б,ы,в,V,ВЫБРАТЬ,V pf praet sg indic m -,Ь
7581,,именно,ИМЕННО,PART,,,Почему ты выбрал _именно_ баскетбол ? ,о,н,н,е,м,и,PART,ИМЕННО,PART,О
7582,,баскетбол,БАСКЕТБОЛ,S m inan acc sg,,,ты выбрал именно _баскетбол_ ?  ,л,о,б,т,е,к,S,БАСКЕТБОЛ,S m inan acc sg,Л
7583,,?,?,PUNCT,,,,,,,,,,PUNCT,,,
7584,,,,,,,,,,,,,,,,,
7585,# sent = 653,,,,,,,,,,,,,,,,
7586,# speaker = Макс,,,,,,,,,,,,,,,,
7587,# sent = 654,,,,,,,,,,,,,,,,
7588,,Ммм,МММ,NONLEX,,,   _Ммм_ ...  ,м,м,м,,,,S,МММ,S n inan loc sg,М
7589,,...,...,PUNCT,,,,,,,,,,PUNCT,,,
7590,,,,,,,,,,,,,,,,,
7591,# sent = 655,,,,,,,,,,,,,,,,
7592,,Эээ,ЭЭЭ,NONLEX,,,...   _Эээ_ ...  ,э,э,э,,,,NONLEX,ЭЭЭ,NONLEX,Э
7593,,...,...,PUNCT,,,,,,,,,,PUNCT,,,
7594,,,,,,,,,,,,,,,,,
7595,# sent = 656,,,,,,,,,,,,,,,,
7596,,Я,Я,SPRO sg 1p - nom,,,"...   _Я_ выбрал баскетбол ,",я,,,,,,SPRO,Я,SPRO sg 1p - nom,Я
7597,,выбрал,ВЫБРАТЬ,V pf praet sg indic m -,,,"  Я _выбрал_ баскетбол , потому что",л,а,р,б,ы,в,V,ВЫБРАТЬ,V pf praet sg indic m -,Ь
7598,,баскетбол,БАСКЕТБОЛ,S m inan acc sg,,," Я выбрал _баскетбол_ , потому что он",л,о,б,т,е,к,S,БАСКЕТБОЛ,S m inan acc sg,Л
7599,,",",",",PUNCT,,,,,,,,,,PUNCT,,,
7600,,потому что,потому что,CONJ,,,"выбрал баскетбол , _потому что_ он вдохновляет меня",о,т,ч, ,у,м,CONJ,потому что,CONJ,о
7601,,он,ОН,SPRO sg 3p m nom,,,"баскетбол , потому что _он_ вдохновляет меня ,",н,о,,,,,SPRO,ОН,SPRO sg 3p m nom,Н
7602,,вдохновляет,ВДОХНОВЛЯТЬ,V ipf praes sg indic - 3p,,,", потому что он _вдохновляет_ меня , а",т,е,я,л,в,о,V,ВДОХНОВЛЯТЬ,V ipf praes sg indic - 3p,Ь
7603,,меня,Я,SPRO sg 1p - acc,,,"потому что он вдохновляет _меня_ , а ещё",я,н,е,м,,,SPRO,Я,SPRO sg 1p - acc,Я
7604,,",",",",PUNCT,,,,,,,,,,PUNCT,,,
7605,,а,А,CONJ,,,"вдохновляет меня , _а_ ещё , когда",а,,,,,,CONJ,А,CONJ,А
7606,,ещё,ЕЩЕ,ADV -,,,"меня , а _ещё_ , когда я",ё,щ,е,,,,ADV,ЕЩЕ,ADV -,Е
7607,,",",",",PUNCT,,,,,,,,,,PUNCT,,,
7608,,когда,КОГДА,CONJ,,,"а ещё , _когда_ я был маленьким",а,д,г,о,к,,CONJ,КОГДА,CONJ,А
7609,,я,Я,SPRO sg 1p - nom,,,"ещё , когда _я_ был маленьким ,",я,,,,,,SPRO,Я,SPRO sg 1p - nom,Я
7610,,был,БЫТЬ,V ipf praet sg indic m -,,,", когда я _был_ маленьким , я",л,ы,б,,,,V,БЫТЬ,V ipf praet sg indic m -,Ь
7611,,маленьким,МАЛЕНЬКИЙ,A - ins sg plen m -,,,"когда я был _маленьким_ , я смотрел",м,и,к,ь,н,е,A,МАЛЕНЬКИЙ,A - ins sg plen m -,Й
7612,,",",",",PUNCT,,,,,,,,,,PUNCT,,,
7613,,я,Я,SPRO sg 1p - nom,,,"был маленьким , _я_ смотрел игры ,",я,,,,,,SPRO,Я,SPRO sg 1p - nom,Я
7614,,смотрел,СМОТРЕТЬ,V ipf praet sg indic m -,,,"маленьким , я _смотрел_ игры , и",л,е,р,т,о,м,V,СМОТРЕТЬ,V ipf praet sg indic m -,Ь
7615,,игры,ИГРА,S f inan acc pl,,,", я смотрел _игры_ , и когда",ы,р,г,и,,,S,ИГРА,S f inan acc pl,А
7616,,",",",",PUNCT,,,,,,,,,,PUNCT,,,
7617,,и,И,CONJ,,,"смотрел игры , _и_ когда наблюдал за",и,,,,,,CONJ,И,CONJ,И
7618,,когда,КОГДА,CONJ,,,"игры , и _когда_ наблюдал за такими",а,д,г,о,к,,CONJ,КОГДА,CONJ,А
7619,,наблюдал,НАБЛЮДАТЬ,V ipf praet sg indic m 1p,,,", и когда _наблюдал_ за такими взрослыми",л,а,д,ю,л,б,V,НАБЛЮДАТЬ,V ipf praet sg indic m -,Ь
7620,,за,ЗА,PR,,,"и когда наблюдал _за_ такими взрослыми ,",а,з,,,,,PR,ЗА,PR,А
7621,,такими,ТАКОЙ,APRO - ins pl plen - -,,,"когда наблюдал за _такими_ взрослыми , и",и,м,и,к,а,т,APRO,ТАКОЙ,A - ins pl plen - -,Й
7622,,взрослыми,ВЗРОСЛЫЙ,A - ins pl plen - -,,,"наблюдал за такими _взрослыми_ , и более",и,м,ы,л,с,о,S,ВЗРОСЛЫЙ,S m anim ins pl,Й
7623,,",",",",PUNCT,,,,,,,,,,PUNCT,,,
7624,,и,И,CONJ,,,"такими взрослыми , _и_ более менее в",и,,,,,,CONJ,И,CONJ,И
7625,,более,БОЛЕЕ,ADV -,,,"взрослыми , и _более_ менее в физической",е,е,л,о,б,,ADV,БОЛЕЕ,ADV -,Е
7626,,менее,МЕНЕЕ,ADV -,,,", и более _менее_ в физической подготовке",е,е,н,е,м,,ADV,МЕНЕЕ,ADV -,Е
7627,,в,В,PR,,,"и более менее _в_ физической подготовке ,",в,,,,,,PR,В,PR,В
7628,,физической,ФИЗИЧЕСКИЙ,A - loc sg plen f -,,,"более менее в _физической_ подготовке , мужчинами",й,о,к,с,е,ч,A,ФИЗИЧЕСКИЙ,A - loc sg plen f -,Й
7629,,подготовке,ПОДГОТОВКА,S f inan loc sg,,,"менее в физической _подготовке_ , мужчинами ,",е,к,в,о,т,о,S,ПОДГОТОВКА,S f inan loc sg,А
7630,,",",",",PUNCT,,,,,,,,,,PUNCT,,,
7631,,мужчинами,МУЖЧИНА,S m anim ins pl,,,"физической подготовке , _мужчинами_ , то меня",и,м,а,н,и,ч,S,МУЖЧИНА,S m anim ins pl,А
7632,,",",",",PUNCT,,,,,,,,,,PUNCT,,,
7633,,то,ТО,CONJ,,,", мужчинами , _то_ меня это ,",о,т,,,,,CONJ,ТО,CONJ,О
7634,,меня,Я,SPRO sg 1p - acc,,,"мужчинами , то _меня_ это , ну",я,н,е,м,,,SPRO,Я,SPRO sg 1p - acc,Я
7635,,это,ЭТО,SPRO n - acc sg,,,", то меня _это_ , ну ,",о,т,э,,,,SPRO,ЭТО,S n - acc sg,О
7636,,",",",",PUNCT,,,,,,,,,,PUNCT,,,
7637,,ну,НУ,PART,,,"меня это , _ну_ , вдохновляло .",у,н,,,,,PART,НУ,PART,У
7638,,",",",",PUNCT,,,,,,,,,,PUNCT,,,
7639,,вдохновляло,ВДОХНОВЛЯТЬ,V ipf praet sg indic n -,,,", ну , _вдохновляло_ .  ",о,л,я,л,в,о,V,ВДОХНОВЛЯТЬ,V ipf praet sg indic n -,Ь
7640,,.,.,PUNCT,,,,,,,,,,PUNCT,,,
7641,,,,,,,,,,,,,,,,,
7642,# sent = 657,,,,,,,,,,,,,,,,
7643,,Еще,ЕЩЕ,ADV -,,,.   _Еще_  яяя ,е,щ,е,,,,ADV,ЕЩЕ,ADV -,Е
7644,"<distinct form=""",,,,,,,,,,,,,,,,
7645,<dist>,яяя,,,,,,,,,,,,,,,
7646,""">",,,,,,,,,,,,,,,,
7647,,я,Я,SPRO sg 1p - nom,,, яяя  _я_  ... ,я,,,,,,SPRO,Я,SPRO sg 1p - nom,Я
7648,</distinct>,,,,,,,,,,,,,,,,
7649,,...,...,PUNCT,,,,,,,,,,PUNCT,,,
7650,,,,,,,,,,,,,,,,,
7651,# sent = 658,,,,,,,,,,,,,,,,
7652,,Ну,НУ,PART,,,"...   _Ну_ , впервые ,",у,н,,,,,PART,НУ,PART,У
7653,,",",",",PUNCT,,,,,,,,,,PUNCT,,,
7654,,впервые,ВПЕРВЫЕ,ADV -,,," Ну , _впервые_ , когда я",е,ы,в,р,е,п,ADV,ВПЕРВЫЕ,ADV -,Е
7655,,",",",",PUNCT,,,,,,,,,,PUNCT,,,
7656,,когда,КОГДА,CONJ,,,", впервые , _когда_ я попробовал у",а,д,г,о,к,,CONJ,КОГДА,CONJ,А
7657,,я,Я,SPRO sg 1p - nom,,,"впервые , когда _я_ попробовал у меня",я,,,,,,SPRO,Я,SPRO sg 1p - nom,Я
7658,,попробовал,ПОПРОБОВАТЬ,V pf praet sg indic m -,,,", когда я _попробовал_ у меня ничего",л,а,в,о,б,о,V,ПОПРОБОВАТЬ,V pf praet sg indic m -,Ь
7659,,у,У,PR,,,когда я попробовал _у_ меня ничего совсем,у,,,,,,PR,У,PR,У
7660,,меня,Я,SPRO sg 1p - gen,,,я попробовал у _меня_ ничего совсем не,я,н,е,м,,,SPRO,Я,SPRO sg 1p - acc,Я
7661,,ничего,НИЧЕГО,SPRO n inan nom sg,,,попробовал у меня _ничего_ совсем не получалось,о,г,е,ч,и,н,SPRO,НИЧТО,S n - gen sg,О
7662,,совсем,СОВСЕМ,ADV -,,,у меня ничего _совсем_ не получалось в,м,е,с,в,о,с,ADV,СОВСЕМ,ADV -,М
7663,,не,НЕ,PART,,,меня ничего совсем _не_ получалось в этом,е,н,,,,,PART,НЕ,PART,Е
7664,,получалось,ПОЛУЧАТЬСЯ,V ipf praet sg indic n -,,,ничего совсем не _получалось_ в этом деле,ь,с,о,л,а,ч,V,ПОЛУЧАТЬСЯ,V ipf praet sg indic n -,Я
7665,,в,В,PR,,,"совсем не получалось _в_ этом деле ,",в,,,,,,PR,В,PR,В
7666,,этом,ЭТО,APRO - loc sg plen n -,,,"не получалось в _этом_ деле , ",м,о,т,э,,,APRO,ЭТОТ,A - loc sg plen n -,О
7667,,деле,ДЕЛО,S n inan loc sg,,,"получалось в этом _деле_ ,  Иии",е,л,е,д,,,S,ДЕЛО,S n inan loc sg,О
7668,,",",",",PUNCT,,,,,,,,,,PUNCT,,,
7669,"<distinct form=""",,,,,,,,,,,,,,,,
7670,<dist>,Иии,,,,,,,,,,,,,,,
7671,<dist>,",",,,,,,,,,,,,,,,
7672,<dist>,ммм,,,,,,,,,,,,,,,
7673,""">",,,,,,,,,,,,,,,,
7674,,и,И,PART,,,", ммм  _и_  ... ",и,,,,,,PART,И,PART,И
7675,</distinct>,,,,,,,,,,,,,,,,
7676,,...,...,PUNCT,,,,,,,,,,PUNCT,,,
7677,,,,,,,,,,,,,,,,,
7678,# sent = 659,,,,,,,,,,,,,,,,
7679,,Возможно,ВОЗМОЖНО,ADV -,,,"...   _Возможно_ , я хотел",о,н,ж,о,м,з,ADV,ВОЗМОЖНО,ADV -,О
7680,,",",",",PUNCT,,,,,,,,,,PUNCT,,,
7681,,я,Я,SPRO sg 1p - nom,,," Возможно , _я_ хотел совершенствоваться и",я,,,,,,SPRO,Я,SPRO sg 1p - nom,Я
7682,,хотел,ХОТЕТЬ,V ipf praet sg indic m 1p,,,"Возможно , я _хотел_ совершенствоваться и стать",л,е,т,о,х,,V,ХОТЕТЬ,V ipf praet sg indic m -,Ь
7683,,совершенствоваться,СОВЕРШЕНСТВОВАТЬСЯ,V ipf - - inf - -,,,", я хотел _совершенствоваться_ и стать сильнее",я,с,ь,т,а,в,V,СОВЕРШЕНСТВОВАТЬСЯ,V ipf - - inf - -,Я
7684,,и,И,CONJ,,,"я хотел совершенствоваться _и_ стать сильнее ,",и,,,,,,CONJ,И,CONJ,И
7685,,стать,СТАТЬ,V ipf - - inf - -,,,"хотел совершенствоваться и _стать_ сильнее , чем",ь,т,а,т,с,,S,СТАТЬ,S f inan acc sg,Ь
7686,,сильнее,СИЛЬНЫЙ,ADV comp,,,"совершенствоваться и стать _сильнее_ , чем те",е,е,н,ь,л,и,ADV,СИЛЬНО,ADV comp,Й
7687,,",",",",PUNCT,,,,,,,,,,PUNCT,,,
7688,,чем,ЧЕМ,CONJ,,,"стать сильнее , _чем_ те , против",м,е,ч,,,,CONJ,ЧЕМ,CONJ,М
7689,,те,ТОТ,A - nom pl plen - -,,,"сильнее , чем _те_ , против кого",е,т,,,,,A,ТОТ,A - nom pl plen - -,Т
7690,,",",",",PUNCT,,,,,,,,,,PUNCT,,,
7691,,против,ПРОТИВ,PR,,,"чем те , _против_ кого я играл",в,и,т,о,р,п,PR,ПРОТИВ,PR,В
7692,,кого,КТО,SPRO m anim gen sg,,,"те , против _кого_ я играл .",о,г,о,к,,,S,КТО,S m - gen sg,О
7693,,я,Я,SPRO sg 1p - nom,,,", против кого _я_ играл . ",я,,,,,,SPRO,Я,SPRO sg 1p - nom,Я
7694,,играл,ИГРАТЬ,V ipf praet sg indic m 1p,,,против кого я _играл_ .  ,л,а,р,г,и,,V,ИГРАТЬ,V ipf praet sg indic m -,Ь
7695,,.,.,PUNCT,,,,,,,,,,PUNCT,,,
7696,,,,,,,,,,,,,,,,,
7697,# sent = 660,,,,,,,,,,,,,,,,
7698,,Вот,ВОТ,PART,,,.   _Вот_ .  ,т,о,в,,,,PART,ВОТ,PART,Т
7699,,.,.,PUNCT,,,,,,,,,,PUNCT,,,
7700,,,,,,,,,,,,,,,,,
7701,# sent = 661,,,,,,,,,,,,,,,,
7702,,Также,ТАКЖЕ,ADV -,,,".   _Также_ , сыграл момент",е,ж,к,а,т,,ADV,ТАКЖЕ,ADV -,Е
7703,,",",",",PUNCT,,,,,,,,,,PUNCT,,,
7704,,сыграл,СЫГРАТЬ,V pf praet sg indic m 3p,,," Также , _сыграл_ момент , то",л,а,р,г,ы,с,V,СЫГРАТЬ,V pf praet sg indic m -,Ь
7705,,момент,МОМЕНТ,S m inan nom sg,,,"Также , сыграл _момент_ , то что",т,н,е,м,о,м,S,МОМЕНТ,S m inan acc sg,Т
7706,,",",",",PUNCT,,,,,,,,,,PUNCT,,,
7707,,то,ТО,CONJ,,,"сыграл момент , _то_ что я хотел",о,т,,,,,CONJ,ТО,CONJ,О
7708,,что,ЧТО,CONJ,,,"момент , то _что_ я хотел чего-то",о,т,ч,,,,CONJ,ЧТО,CONJ,О
7709,,я,Я,SPRO sg 1p - nom,,,", то что _я_ хотел чего-то добиться",я,,,,,,SPRO,Я,SPRO sg 1p - nom,Я
7710,,хотел,ХОТЕТЬ,V ipf praet sg indic m 1p,,,то что я _хотел_ чего-то добиться .,л,е,т,о,х,,V,ХОТЕТЬ,V ipf praet sg indic m -,Ь
7711,,чего-то,ЧТО-ТО,SPRO n inan gen sg,,,что я хотел _чего-то_ добиться . ,о,т,-,о,г,е,SPRO,ЧТО-ТО,S n - gen sg,О
7712,,добиться,ДОБИТЬСЯ,V pf - - inf - -,,,я хотел чего-то _добиться_ .  ,я,с,ь,т,и,б,V,ДОБИТЬСЯ,V pf - - inf - -,Я
7713,,.,.,PUNCT,,,,,,,,,,PUNCT,,,
7714,,,,,,,,,,,,,,,,,
7715,# sent = 662,,,,,,,,,,,,,,,,
7716,,Зная,ЗНАТЬ,V ipf praes - ger - -,,,".   _Зная_ , что спортсмены",я,а,н,з,,,V,ЗНАТЬ,V ipf praes - ger - -,Ь
7717,,",",",",PUNCT,,,,,,,,,,PUNCT,,,
7718,,что,ЧТО,CONJ,,," Зная , _что_ спортсмены довольно обеспечены",о,т,ч,,,,CONJ,ЧТО,CONJ,О
7719,,спортсмены,СПОРТСМЕН,S m anim nom pl,,,"Зная , что _спортсмены_ довольно обеспечены ",ы,н,е,м,с,т,S,СПОРТСМЕН,S m anim nom pl,Н
7720,,довольно,ДОВОЛЬНО,ADV -,,,", что спортсмены _довольно_ обеспечены  иии",о,н,ь,л,о,в,ADV,ДОВОЛЬНО,ADV -,О
7721,,обеспечены,ОБЕСПЕЧИТЬ,PARTCP pf praes - pl brev - pass -,,,что спортсмены довольно _обеспечены_  иии ,ы,н,е,ч,е,п,PARTCP,ОБЕСПЕЧИТЬ,PARTCP pf praet - pl brev - pass -,Ь
7722,"<distinct form=""",,,,,,,,,,,,,,,,
7723,<dist>,иии,,,,,,,,,,,,,,,
7724,""">",,,,,,,,,,,,,,,,
7725,,и,И,CONJ,,, иии  _и_  получают деньги,и,,,,,,CONJ,И,CONJ,И
7726,</distinct>,,,,,,,,,,,,,,,,
7727,,получают,ПОЛУЧАТЬ,V ipf praes pl indic - 3p,,, и  _получают_ деньги за то,т,ю,а,ч,у,л,V,ПОЛУЧАТЬ,V ipf praes pl indic - 3p,Ь
7728,,деньги,ДЕНЬГИ,S - inan acc pl,,,"и  получают _деньги_ за то ,",и,г,ь,н,е,д,S,ДЕНЬГИ,S - inan acc pl,И
7729,,за,ЗА,PR,distort,," получают деньги _за_ то , что",а,а,з,,,,PR,ЗАА,S m inan nonflex -,А
7730,,то,ТО,SPRO n - acc sg,,,"получают деньги за _то_ , что им",о,т,,,,,CONJ,ТО,CONJ,О
7731,,",",",",PUNCT,,,,,,,,,,PUNCT,,,
7732,,что,ЧТО,SPRO n inan nom sg,,,"за то , _что_ им нравится ,",о,т,ч,,,,CONJ,ЧТО,CONJ,О
7733,,им,ОНИ,SPRO pl - - ins,,,"то , что _им_ нравится , я",м,и,,,,,SPRO,ОН,SPRO sg 3p m ins,И
7734,,нравится,НРАВИТЬСЯ,V ipf praes sg indic - 3p,,,", что им _нравится_ , я решил",я,с,т,и,в,а,V,НРАВИТЬСЯ,V ipf praes sg indic - 3p,Я
7735,,",",",",PUNCT,,,,,,,,,,PUNCT,,,
7736,,я,Я,SPRO sg 1p - nom,,,"им нравится , _я_ решил , что",я,,,,,,SPRO,Я,SPRO sg 1p - nom,Я
7737,,решил,РЕШИТЬ,V pf praet sg indic m -,,,"нравится , я _решил_ , что я",л,и,ш,е,р,,V,РЕШИТЬ,V pf praet sg indic m -,Ь
7738,,",",",",PUNCT,,,,,,,,,,PUNCT,,,
7739,,что,ЧТО,CONJ,,,"я решил , _что_ я хочу стать",о,т,ч,,,,CONJ,ЧТО,CONJ,О
7740,,я,Я,SPRO sg 1p - nom,,,"решил , что _я_ хочу стать одним",я,,,,,,SPRO,Я,SPRO sg 1p - nom,Я
7741,,хочу,ХОТЕТЬ,V ipf praes sg indic m 1p,,,", что я _хочу_ стать одним из",у,ч,о,х,,,V,ХОТЕТЬ,V ipf praes sg indic - 1p,Ь
7742,,стать,СТАТЬ,V ipf - - inf - -,,,что я хочу _стать_ одним из них,ь,т,а,т,с,,S,СТАТЬ,S f inan acc sg,Ь
7743,,одним,ОДИН,ANUM - ins sg plen m -,,,я хочу стать _одним_ из них .,м,и,н,д,о,,ANUM,ОДИН,A - ins sg plen m -,Н
7744,,из,ИЗ,PR,,,хочу стать одним _из_ них . ,з,и,,,,,PR,ИЗ,PR,З
7745,,них,ОНИ,SPRO pl - - loc,,,стать одним из _них_ .  ,х,и,н,,,,SPRO,ОНИ,SPRO pl - - loc,И
7746,,.,.,PUNCT,,,,,,,,,,PUNCT,,,
7747,,,,,,,,,,,,,,,,,
7748,# sent = 663,,,,,,,,,,,,,,,,
7749,,Вот,ВОТ,PART,,,.   _Вот_ .  ,т,о,в,,,,PART,ВОТ,PART,Т
7750,,.,.,PUNCT,,,,,,,,,,PUNCT,,,
7751,,,,,,,,,,,,,,,,,
7752,# sent = 664,,,,,,,,,,,,,,,,
7753,# speaker = Катя,,,,,,,,,,,,,,,,
7754,# sent = 665,,,,,,,,,,,,,,,,
7755,,Кто,КТО,SPRO m - nom sg,,,   _Кто_ твой кумир в,о,т,к,,,,S,КТО,S m - nom sg,О
7756,,твой,ТВОЙ,APRO - nom sg plen m -,,,  Кто _твой_ кумир в баскетболе,й,о,в,т,,,APRO,ТВОЙ,A - nom sg plen m -,Й
7757,,кумир,КУМИР,S m anim nom sg,,, Кто твой _кумир_ в баскетболе ?,р,и,м,у,к,,S,КУМИР,S m anim nom sg,Р
7758,,в,В,PR,,,Кто твой кумир _в_ баскетболе ? ,в,,,,,,PR,В,PR,В
7759,,баскетболе,БАСКЕТБОЛ,S m inan loc sg,,,твой кумир в _баскетболе_ ?  ,е,л,о,б,т,е,S,БАСКЕТБОЛ,S m inan loc sg,Л
7760,,?,?,PUNCT,,,,,,,,,,PUNCT,,,
7761,,,,,,,,,,,,,,,,,
7762,# sent = 666,,,,,,,,,,,,,,,,
7763,# speaker = Макс,,,,,,,,,,,,,,,,
7764,# sent = 667,,,,,,,,,,,,,,,,
7765,"<distinct form=""",,,,,,,,,,,,,,,,
7766,<dist>,Нуу,,,,,,,,,,,,,,,
7767,""">",,,,,,,,,,,,,,,,
7768,,Ну,НУ,PART,,, Нуу  _Ну_  ... ,у,н,,,,,PART,НУ,PART,У
7769,</distinct>,,,,,,,,,,,,,,,,
7770,,...,...,PUNCT,,,,,,,,,,PUNCT,,,
7771,,,,,,,,,,,,,,,,,
7772,# sent = 668,,,,,,,,,,,,,,,,
7773,,Очень,ОЧЕНЬ,ADV -,,,...   _Очень_ много хороших игроков,ь,н,е,ч,о,,ADV,ОЧЕНЬ,ADV -,Ь
7774,,много,МНОГО,ADV -,,,  Очень _много_ хороших игроков .,о,г,о,н,м,,ADV,МНОГО,ADV -,О
7775,,хороших,ХОРОШИЙ,A - gen pl plen - -,,, Очень много _хороших_ игроков . ,х,и,ш,о,р,о,A,ХОРОШИЙ,A - gen pl plen - -,Й
7776,,игроков,ИГРОК,S m anim gen pl,,,Очень много хороших _игроков_ .  ,в,о,к,о,р,г,S,ИГРОК,S m anim gen pl,К
7777,,.,.,PUNCT,,,,,,,,,,PUNCT,,,
7778,,,,,,,,,,,,,,,,,
7779,# sent = 669,,,,,,,,,,,,,,,,
7780,"<distinct form=""",,,,,,,,,,,,,,,,
7781,<dist>,Иии,,,,,,,,,,,,,,,
7782,""">",,,,,,,,,,,,,,,,
7783,,И,И,CONJ,,, Иии  _И_  ... ,и,,,,,,CONJ,И,S - - nonflex -,И
7784,</distinct>,,,,,,,,,,,,,,,,
7785,,...,...,PUNCT,,,,,,,,,,PUNCT,,,
7786,,,,,,,,,,,,,,,,,
7787,# sent = 670,,,,,,,,,,,,,,,,
7788,,В,В,PR,,,...   _В_ свох эпохах они,в,,,,,,PR,В,S - - nonflex -,В
7789,,своих,СВОЙ,APRO - - loc pl,distort,,  В _своих_ эпохах они ...,х,и,о,в,с,,S,!,S m inan acc sg,Й
7790,,эпохах,ЭПОХА,S f inan loc pl,,, В свох _эпохах_ они ... ,х,а,х,о,п,э,S,ЭПОХА,S f inan loc pl,А
7791,,они,ОНИ,SPRO pl - - nom,,,В свох эпохах _они_ ...  ,и,н,о,,,,SPRO,ОНИ,SPRO pl - - nom,И
7792,,...,...,PUNCT,,,,,,,,,,PUNCT,,,
7793,,,,,,,,,,,,,,,,,
7794,# sent = 671,,,,,,,,,,,,,,,,
7795,,Ну,НУ,PART,,,"...   _Ну_ , разные .",у,н,,,,,PART,НУ,PART,У
7796,,",",",",PUNCT,,,,,,,,,,PUNCT,,,
7797,,разные,РАЗНЫЙ,A - nom pl plen - -,,," Ну , _разные_ .  ",е,ы,н,з,а,р,A,РАЗНЫЙ,A - nom pl plen - -,Й
7798,,.,.,PUNCT,,,,,,,,,,PUNCT,,,
7799,,,,,,,,,,,,,,,,,
7800,# sent = 672,,,,,,,,,,,,,,,,
7801,,Например,НАПРИМЕР,ADV -,,,".   _Например_ , начиная с",р,е,м,и,р,п,ADV,НАПРИМЕР,ADV -,Р
7802,,",",",",PUNCT,,,,,,,,,,PUNCT,,,
7803,,начиная,НАЧИНАТЬ,V ipf praes - ger - -,,," Например , _начиная_ с Майкла Джордана",я,а,н,и,ч,а,V,НАЧИНАТЬ,V ipf praes - ger - -,Ь
7804,,с,С,PR,,,"Например , начиная _с_ Майкла Джордана ,",с,,,,,,PR,С,PR,С
7805,,Майкла,МАЙКЛ,S m anim gen sg persn,,,", начиная с _Майкла_ Джордана , который",а,л,к,й,а,м,S,МАЙКЛ,S m anim gen sg,Л
7806,,Джордана,ДЖОРДАН,S m anim gen sg persn,,,"начиная с Майкла _Джордана_ , который играл",а,н,а,д,р,о,S,ДЖОРДАН,S m anim gen sg,Н
7807,,",",",",PUNCT,,,,,,,,,,PUNCT,,,
7808,,который,КОТОРЫЙ,APRO - nom sg plen m -,,,"Майкла Джордана , _который_ играл ... ",й,ы,р,о,т,о,APRO,КОТОРЫЙ,A - nom sg plen m -,Й
7809,,играл,ИГРАТЬ,V ipf praet sg indic m 1p,,,"Джордана , который _играл_ ...  ",л,а,р,г,и,,V,ИГРАТЬ,V ipf praet sg indic m -,Ь
7810,,...,...,PUNCT,,,,,,,,,,PUNCT,,,
7811,,,,,,,,,,,,,,,,,
7812,# sent = 673,,,,,,,,,,,,,,,,
7813,,Эээ,ЭЭЭ,NONLEX,,,...   _Эээ_ ...  ,э,э,э,,,,NONLEX,ЭЭЭ,NONLEX,Э
7814,,...,...,PUNCT,,,,,,,,,,PUNCT,,,
7815,,,,,,,,,,,,,,,,,
7816,# sent = 674,,,,,,,,,,,,,,,,
7817,,В,В,PR,,,...   _В_ самом начале .,в,,,,,,PR,В,PR,В
7818,,самом,САМЫЙ,A - loc sg plen m -,,,  В _самом_ начале . ,м,о,м,а,с,,A,САМЫЙ,A - loc sg plen n -,Й
7819,,начале,НАЧАЛО,S n inan loc sg,,, В самом _начале_ .  ,е,л,а,ч,а,н,S,НАЧАЛО,S n inan loc sg,О
7820,,.,.,PUNCT,,,,,,,,,,PUNCT,,,
7821,,,,,,,,,,,,,,,,,
7822,# sent = 675,,,,,,,,,,,,,,,,
7823,"<distinct form=""",,,,,,,,,,,,,,,,
7824,<dist>,Иии,,,,,,,,,,,,,,,
7825,""">",,,,,,,,,,,,,,,,
7826,,И,И,CONJ,,," Иии  _И_  , заканчивая",и,,,,,,CONJ,И,S - - nonflex -,И
7827,</distinct>,,,,,,,,,,,,,,,,
7828,,",",",",PUNCT,,,,,,,,,,PUNCT,,,
7829,,заканчивая,ЗАКАНЧИВАТЬ,V ipf praes - ger - -,,,"И  , _заканчивая_ сейчас Коби Брайантом",я,а,в,и,ч,н,V,ЗАКАНЧИВАТЬ,V ipf praes - ger - -,Ь
7830,,сейчас,СЕЙЧАС,ADV -,,," , заканчивая _сейчас_ Коби Брайантом .",с,а,ч,й,е,с,ADV,СЕЙЧАС,ADV -,С
7831,,Коби,КОБИ,S m anim ins sg persn,,,", заканчивая сейчас _Коби_ Брайантом . ",и,б,о,к,,,S,КОБИ,S m anim nonflex -,И
7832,,Брайантом,БРАЙАНТ,S m anim ins sg famn,,,заканчивая сейчас Коби _Брайантом_ .  ,м,о,т,н,а,й,S,БРАЙАНТ,S m anim nom sg,Т
7833,,.,.,PUNCT,,,,,,,,,,PUNCT,,,
7834,,,,,,,,,,,,,,,,,
7835,# sent = 676,,,,,,,,,,,,,,,,
7836,,Ну,НУ,PART,,,".   _Ну_ , их стили",у,н,,,,,PART,НУ,PART,У
7837,,",",",",PUNCT,,,,,,,,,,PUNCT,,,
7838,,их,ОНИ,SPRO pl - - gen,,," Ну , _их_ стили игры очень",х,и,,,,,SPRO,ОНИ,SPRO pl - - acc,И
7839,,стили,СТИЛЬ,S m inan nom pl,,,"Ну , их _стили_ игры очень похожи",и,л,и,т,с,,S,СТИЛЬ,S m inan nom pl,Ь
7840,,игры,ИГРА,S f inan gen sg,,,", их стили _игры_ очень похожи ,",ы,р,г,и,,,S,ИГРА,S f inan gen sg,А
7841,,очень,ОЧЕНЬ,ADV -,,,"их стили игры _очень_ похожи , ",ь,н,е,ч,о,,ADV,ОЧЕНЬ,ADV -,Ь
7842,,похожи,ПОХОЖИЙ,A - - pl brev - -,,,"стили игры очень _похожи_ ,  Ноо",и,ж,о,х,о,п,A,ПОХОЖИЙ,A - - pl brev - -,Й
7843,,",",",",PUNCT,,,,,,,,,,PUNCT,,,
7844,"<distinct form=""",,,,,,,,,,,,,,,,
7845,<dist>,Ноо,,,,,,,,,,,,,,,
7846,""">",,,,,,,,,,,,,,,,
7847,,Но,НО,CONJ,,," Ноо  _Но_  всё-таки ,",о,н,,,,,CONJ,НО,CONJ,О
7848,</distinct>,,,,,,,,,,,,,,,,
7849,,всё-таки,ВСЕ-ТАКИ,PART,,," Но  _всё-таки_ , ну ,",и,к,а,т,-,ё,PART,ВСЕ-ТАКИ,PART,И
7850,,",",",",PUNCT,,,,,,,,,,PUNCT,,,
7851,,ну,НУ,PART,,," всё-таки , _ну_ , Джордан стал",у,н,,,,,PART,НУ,PART,У
7852,,",",",",PUNCT,,,,,,,,,,PUNCT,,,
7853,,Джордан,ДЖОРДАН,S m anim nom sg persn,,,", ну , _Джордан_ стал ... ",н,а,д,р,о,ж,S,ДЖОРДАН,S m anim nom sg,Н
7854,,стал,СТАТЬ,V pf praet sg indic m 3p,,,"ну , Джордан _стал_ ...  ",л,а,т,с,,,V,СТАТЬ,V pf praet sg indic m -,Ь
7855,,...,...,PUNCT,,,,,,,,,,PUNCT,,,
7856,,,,,,,,,,,,,,,,,
7857,# sent = 677,,,,,,,,,,,,,,,,
7858,,Эээ,ЭЭЭ,NONLEX,,,...   _Эээ_ ...  ,э,э,э,,,,NONLEX,ЭЭЭ,NONLEX,Э
7859,,...,...,PUNCT,,,,,,,,,,PUNCT,,,
7860,,,,,,,,,,,,,,,,,
7861,# sent = 678,,,,,,,,,,,,,,,,
7862,,Как бы,Как бы,PART,,,"...   _Как бы_ , нововведением в",ы,б, ,к,а,к,PART,Как бы,ADV -,ы
7863,,",",",",PUNCT,,,,,,,,,,PUNCT,,,
7864,,нововведением,НОВОВВЕДЕНИЕ,S n inan ins sg,,," Как бы , _нововведением_ в баскетболе .",м,е,и,н,е,д,S,НОВОВВЕДЕНИЕ,S n inan ins sg,Е
7865,,в,В,PR,,,"Как бы , нововведением _в_ баскетболе . ",в,,,,,,PR,В,PR,В
7866,,баскетболе,БАСКЕТБОЛ,S m inan loc sg,,,", нововведением в _баскетболе_ .  ",е,л,о,б,т,е,S,БАСКЕТБОЛ,S m inan loc sg,Л
7867,,.,.,PUNCT,,,,,,,,,,PUNCT,,,
7868,,,,,,,,,,,,,,,,,
7869,# sent = 679,,,,,,,,,,,,,,,,
7870,,Он,ОН,SPRO sg 3p m nom,,,".   _Он_ привёл его ,",н,о,,,,,SPRO,ОН,SPRO sg 3p m nom,Н
7871,,привёл,ПРИВЕСТИ,V pf praet sg indic m -,,,"  Он _привёл_ его , как бы",л,ё,в,и,р,п,V,ПРИВЕСТИ,V pf praet sg indic m -,И
7872,,его,ОН,SPRO sg 3p m acc,,," Он привёл _его_ , как бы ,",о,г,е,,,,SPRO,ОН,SPRO sg 3p m acc,Н
7873,,",",",",PUNCT,,,,,,,,,,PUNCT,,,
7874,,как бы,как бы,PART,,,"привёл его , _как бы_ , на новый",ы,б, ,к,а,к,PART,как бы,ADV -,ы
7875,,",",",",PUNCT,,,,,,,,,,PUNCT,,,
7876,,на,НА,PR,,,", как бы , _на_ новый уровень .",а,н,,,,,PR,НА,PR,А
7877,,новый,НОВЫЙ,A - acc sg plen m inan,,,"как бы , на _новый_ уровень . ",й,ы,в,о,н,,A,НОВЫЙ,A - acc sg plen m inan,Й
7878,,уровень,УРОВЕНЬ,S m inan acc sg,,,", на новый _уровень_ .  ",ь,н,е,в,о,р,S,УРОВЕНЬ,S m inan acc sg,Ь
7879,,.,.,PUNCT,,,,,,,,,,PUNCT,,,
7880,,,,,,,,,,,,,,,,,
7881,# sent = 680,,,,,,,,,,,,,,,,
7882,,Когда-то,КОГДА-ТО,ADV -,,,.   _Когда-то_ баскетбол был совсем,о,т,-,а,д,г,ADV,КОГДА-ТО,ADV -,О
7883,,баскетбол,БАСКЕТБОЛ,S m inan nom sg,,,  Когда-то _баскетбол_ был совсем иной,л,о,б,т,е,к,S,БАСКЕТБОЛ,S m inan acc sg,Л
7884,,был,БЫТЬ,V ipf praet sg indic m -,,, Когда-то баскетбол _был_ совсем иной игрой,л,ы,б,,,,V,БЫТЬ,V ipf praet sg indic m -,Ь
7885,,совсем,СОВСЕМ,ADV -,,,Когда-то баскетбол был _совсем_ иной игрой ...,м,е,с,в,о,с,ADV,СОВСЕМ,ADV -,М
7886,,иной,ИНОЙ,APRO - ins sg plen f -,,,баскетбол был совсем _иной_ игрой ... ,й,о,н,и,,,APRO,ИНОЙ,A - acc sg plen m inan,Й
7887,,игрой,ИГРА,S f inan ins sg,,,был совсем иной _игрой_ ...  ,й,о,р,г,и,,S,ИГРА,S f inan ins sg,А
7888,,...,...,PUNCT,,,,,,,,,,PUNCT,,,
7889,,,,,,,,,,,,,,,,,
7890,# sent = 681,,,,,,,,,,,,,,,,
7891,"<distinct form=""",,,,,,,,,,,,,,,,
7892,<dist>,Ааа,,,,,,,,,,,,,,,
7893,<dist>,...,,,,,,,,,,,,,,,
7894,<dist>,Ааа,,,,,,,,,,,,,,,
7895,""">",,,,,,,,,,,,,,,,
7896,,А,А,CONJ,,,"... Ааа  _А_  Джордан ,",а,,,,,,CONJ,А,S - - nonflex -,А
7897,</distinct>,,,,,,,,,,,,,,,,
7898,,Джордан,ДЖОРДАН,S m anim nom sg persn,,," А  _Джордан_ , получается ,",н,а,д,р,о,ж,S,ДЖОРДАН,S m anim nom sg,Н
7899,,",",",",PUNCT,,,,,,,,,,PUNCT,,,
7900,,получается,ПОЛУЧАТЬСЯ,V ipf praes sg indic - 3p,,," Джордан , _получается_ , привёл в",я,с,т,е,а,ч,V,ПОЛУЧАТЬСЯ,V ipf praes sg indic - 3p,Я
7901,,",",",",PUNCT,,,,,,,,,,PUNCT,,,
7902,,привёл,ПРИВЕСТИ,V pf praet sg indic m -,,,", получается , _привёл_ в неё скорость",л,ё,в,и,р,п,V,ПРИВЕСТИ,V pf praet sg indic m -,И
7903,,в,В,PR,,,"получается , привёл _в_ неё скорость ,",в,,,,,,PR,В,PR,В
7904,,неё,ОНА,SPRO sg 3p f acc,,,", привёл в _неё_ скорость , больше",ё,е,н,,,,SPRO,ОНА,SPRO sg 3p f acc,А
7905,,скорость,СКОРОСТЬ,S f inan nom sg,,,"привёл в неё _скорость_ , больше агрессии",ь,т,с,о,р,о,S,СКОРОСТЬ,S f inan nom sg,Ь
7906,,",",",",PUNCT,,,,,,,,,,PUNCT,,,
7907,,больше,МНОГО,ADV comp,,,"неё скорость , _больше_ агрессии . ",е,ш,ь,л,о,б,ADV,МНОГО,ADV comp,О
7908,,агрессии,АГРЕССИЯ,S f inan gen sg,,,"скорость , больше _агрессии_ .  ",и,и,с,с,е,р,S,АГРЕССИЯ,S f inan gen sg,Я
7909,,.,.,PUNCT,,,,,,,,,,PUNCT,,,
7910,,,,,,,,,,,,,,,,,
7911,# sent = 682,,,,,,,,,,,,,,,,
7912,,И,И,CONJ,,,".   _И_ все игроки ,",и,,,,,,CONJ,И,CONJ,И
7913,,все,ВЕСЬ,APRO - nom pl plen - -,,,"  И _все_ игроки , которые",е,с,в,,,,APRO,ВЕСЬ,A - nom pl plen - -,Ь
7914,,игроки,ИГРОК,S m anim nom pl,,," И все _игроки_ , которые играли",и,к,о,р,г,и,S,ИГРОК,S m anim nom pl,К
7915,,",",",",PUNCT,,,,,,,,,,PUNCT,,,
7916,,которые,КОТОРЫЙ,APRO - nom pl plen - -,,,"все игроки , _которые_ играли против него",е,ы,р,о,т,о,APRO,КОТОРЫЙ,A - nom pl plen - -,Й
7917,,играли,ИГРАТЬ,V ipf praet pl indic - -,,,"игроки , которые _играли_ против него ,",и,л,а,р,г,и,V,ИГРАТЬ,V ipf praet pl indic - -,Ь
7918,,против,ПРОТИВ,PR,,,", которые играли _против_ него , говорили",в,и,т,о,р,п,PR,ПРОТИВ,PR,В
7919,,него,ОН,SPRO sg 3p m gen,,,"которые играли против _него_ , говорили ,",о,г,е,н,,,SPRO,ОН,SPRO sg 3p m acc,Н
7920,,",",",",PUNCT,,,,,,,,,,PUNCT,,,
7921,,говорили,ГОВОРИТЬ,V ipf praet pl indic - -,,,"против него , _говорили_ ,  чтооо",и,л,и,р,о,в,V,ГОВОРИТЬ,V ipf praet pl indic - -,Ь
7922,,",",",",PUNCT,,,,,,,,,,PUNCT,,,
7923,"<distinct form=""",,,,,,,,,,,,,,,,
7924,<dist>,чтооо,,,,,,,,,,,,,,,
7925,""">",,,,,,,,,,,,,,,,
7926,,что,ЧТО,CONJ,,, чтооо  _что_  он достаточно,о,т,ч,,,,ADV,ЧТО,ADV -,О
7927,</distinct>,,,,,,,,,,,,,,,,
7928,,он,ОН,SPRO sg 3p m nom,,, что  _он_ достаточно жёстко против,н,о,,,,,SPRO,ОН,SPRO sg 3p m nom,Н
7929,,достаточно,ДОСТАТОЧНО,ADV -,,,что  он _достаточно_ жёстко против них,о,н,ч,о,т,а,ADV,ДОСТАТОЧНО,ADV -,О
7930,,жёстко,ЖЕСТКО,ADV -,,, он достаточно _жёстко_ против них обороняется,о,к,т,с,ё,ж,ADV,ЖЕСТКО,ADV -,О
7931,,против,ПРОТИВ,PR,,,он достаточно жёстко _против_ них обороняется ...,в,и,т,о,р,п,PR,ПРОТИВ,PR,В
7932,,них,ОНИ,SPRO pl - - loc,,,достаточно жёстко против _них_ обороняется ... ,х,и,н,,,,SPRO,ОНИ,SPRO pl - - loc,И
7933,,обороняется,ОБОРОНЯТЬСЯ,V ipf praes sg indic - 3p,,,жёстко против них _обороняется_ ...  ,я,с,т,е,я,н,V,ОБОРОНЯТЬСЯ,V ipf praes sg indic - 3p,Я
7934,,...,...,PUNCT,,,,,,,,,,PUNCT,,,
7935,,,,,,,,,,,,,,,,,
7936,# sent = 683,,,,,,,,,,,,,,,,
7937,"<distinct form=""",,,,,,,,,,,,,,,,
7938,<dist>,Иии,,,,,,,,,,,,,,,
7939,""">",,,,,,,,,,,,,,,,
7940,,И,И,CONJ,,, Иии  _И_  ... ,и,,,,,,CONJ,И,S - - nonflex -,И
7941,</distinct>,,,,,,,,,,,,,,,,
7942,,...,...,PUNCT,,,,,,,,,,PUNCT,,,
7943,,,,,,,,,,,,,,,,,
7944,# sent = 684,,,,,,,,,,,,,,,,
7945,,Ну,НУ,PART,,,"...   _Ну_ , против него",у,н,,,,,PART,НУ,PART,У
7946,,",",",",PUNCT,,,,,,,,,,PUNCT,,,
7947,,против,ПРОТИВ,PR,,," Ну , _против_ него , короче",в,и,т,о,р,п,PR,ПРОТИВ,PR,В
7948,,него,ОН,SPRO sg 3p m gen,,,"Ну , против _него_ , короче ,",о,г,е,н,,,SPRO,ОН,SPRO sg 3p m acc,Н
7949,,",",",",PUNCT,,,,,,,,,,PUNCT,,,
7950,,короче,КОРОТКИЙ,A comp - - plen - -,,,"против него , _короче_ , боялись все",е,ч,о,р,о,к,A,КОРОТКИЙ,A comp - - plen - -,Й
7951,,",",",",PUNCT,,,,,,,,,,PUNCT,,,
7952,,боялись,БОЯТЬСЯ,V ipf praet pl indic - -,,,", короче , _боялись_ все играть ,",ь,с,и,л,я,о,V,БОЯТЬСЯ,V ipf praet pl indic - -,Я
7953,,все,ВСЕ,S - - nom pl,,,"короче , боялись _все_ играть , поэтому",е,с,в,,,,S,ВСЕ,S - - nom pl,Е
7954,,играть,ИГРАТЬ,V ipf - - inf - -,,,", боялись все _играть_ , поэтому ...",ь,т,а,р,г,и,V,ИГРАТЬ,V ipf - - inf - -,Ь
7955,,",",",",PUNCT,,,,,,,,,,PUNCT,,,
7956,,поэтому,ПОЭТОМУ,ADV -,,,"все играть , _поэтому_ ...  ",у,м,о,т,э,о,ADV,ПОЭТОМУ,ADV -,У
7957,,...,...,PUNCT,,,,,,,,,,PUNCT,,,
7958,,,,,,,,,,,,,,,,,
7959,# sent = 685,,,,,,,,,,,,,,,,
7960,# speaker = Макс,,,,,,,,,,,,,,,,
7961,# sent = 686,,,,,,,,,,,,,,,,
7962,,Сейчас,СЕЙЧАС,ADV -,,,   _Сейчас_ же мой кумир,с,а,ч,й,е,с,ADV,СЕЙЧАС,ADV -,С
7963,,же,ЖЕ,PART,,,  Сейчас _же_ мой кумир -,е,ж,,,,,PART,ЖЕ,PART,Е
7964,,мой,МОЙ,APRO - nom sg plen m -,,, Сейчас же _мой_ кумир - это,й,о,м,,,,APRO,МОЙ,A - nom sg plen m -,Й
7965,,кумир,КУМИР,S m anim nom sg,,,Сейчас же мой _кумир_ - это Коби,р,и,м,у,к,,S,КУМИР,S m anim nom sg,Р
7966,,-,-,PUNCT,,,,,,,,,,PUNCT,,,
7967,,это,ЭТО,SPRO n - nom sg,,,мой кумир - _это_ Коби Брайант .,о,т,э,,,,SPRO,ЭТО,S n - nom sg,О
7968,,Коби,КОБИ,S m anim nom sg persn,,,кумир - это _Коби_ Брайант . ,и,б,о,к,,,S,КОБИ,S m anim nonflex -,И
7969,,Брайант,БРАЙАНТ,S m anim nom sg, famn,,- это Коби _Брайант_ .  ,т,н,а,й,а,р,S,БРАЙАНТ,S m anim nom sg,Т
7970,,.,.,PUNCT,,,,,,,,,,PUNCT,,,
7971,,,,,,,,,,,,,,,,,
7972,# sent = 687,,,,,,,,,,,,,,,,
7973,,Его,ЕГО,APRO,,,.   _Его_ игра очень похожа,о,г,е,,,,APRO,ЕГО,A - nonflex - plen - -,О
7974,,игра,ИГРА,S f inan nom sg,,,  Его _игра_ очень похожа на,а,р,г,и,,,S,ИГРА,S f inan nom sg,А
7975,,очень,ОЧЕНЬ,ADV -,,, Его игра _очень_ похожа на игру,ь,н,е,ч,о,,ADV,ОЧЕНЬ,ADV -,Ь
7976,,похожа,ПОХОЖИЙ,A - - sg brev f -,,,Его игра очень _похожа_ на игру Джордана,а,ж,о,х,о,п,A,ПОХОЖИЙ,A - - sg brev f -,Й
7977,,на,НА,PR,,,"игра очень похожа _на_ игру Джордана ,",а,н,,,,,PR,НА,PR,А
7978,,игру,ИГРА,S f inan acc sg,,,"очень похожа на _игру_ Джордана , но",у,р,г,и,,,S,ИГРА,S f inan acc sg,А
7979,,Джордана,ДЖОРДАН,S m anim gen sg persn,,,"похожа на игру _Джордана_ , но Коби",а,н,а,д,р,о,S,ДЖОРДАН,S m anim gen sg,Н
7980,,",",",",PUNCT,,,,,,,,,,PUNCT,,,
7981,,но,НО,CONJ,,,"игру Джордана , _но_ Коби еще более",о,н,,,,,CONJ,НО,CONJ,О
7982,,Коби,КОБИ,S m anim nom sg persn,,,"Джордана , но _Коби_ еще более агрессивный",и,б,о,к,,,S,КОБИ,S m anim nonflex -,И
7983,,еще,ЕЩЕ,ADV -,,,", но Коби _еще_ более агрессивный .",е,щ,е,,,,ADV,ЕЩЕ,ADV -,Е
7984,,более,БОЛЕЕ,ADV -,,,но Коби еще _более_ агрессивный . ,е,е,л,о,б,,ADV,БОЛЕЕ,ADV -,Е
7985,,агрессивный,АГРЕССИВНЫЙ,A - nom sg plen m -,,,Коби еще более _агрессивный_ .  ,й,ы,н,в,и,с,A,АГРЕССИВНЫЙ,A - nom sg plen m -,Й
7986,,.,.,PUNCT,,,,,,,,,,PUNCT,,,
7987,,,,,,,,,,,,,,,,,
7988,# sent = 688,,,,,,,,,,,,,,,,
7989,"<distinct form=""",,,,,,,,,,,,,,,,
7990,<dist>,Иии,,,,,,,,,,,,,,,
7991,""">",,,,,,,,,,,,,,,,
7992,,И,И,CONJ,,, Иии  _И_  когда Джоржан,и,,,,,,CONJ,И,S - - nonflex -,И
7993,</distinct>,,,,,,,,,,,,,,,,
7994,,когда,КОГДА,ADV -,,, И  _когда_ Джоржан говорил с,а,д,г,о,к,,ADV,КОГДА,ADV -,А
7995,,Джордан,ДЖОРДАН,S m anim nom sg persn,,,И  когда _Джоржан_ говорил с кем,н,а,ж,р,о,ж,S,ДЖОРЖАНИН,S m anim nom sg,Н
7996,,говорил,ГОВОРИТЬ,V ipf praet sg indic m -,,, когда Джоржан _говорил_ с кем бы,л,и,р,о,в,о,V,ГОВОРИТЬ,V ipf praet sg indic m -,Ь
7997,,с,С,PR,,,когда Джоржан говорил _с_ кем бы он,с,,,,,,PR,С,PR,С
7998,,кем,КТО,SPRO m anim ins sg,,,Джоржан говорил с _кем_ бы он хотел,м,е,к,,,,S,КТО,S m - ins sg,О
7999,,бы,БЫ,PART,,,говорил с кем _бы_ он хотел сыграть,ы,б,,,,,PART,БЫ,PART,Ы
8000,,он,ОН,SPRO sg 3p m nom,,,"с кем бы _он_ хотел сыграть ,",н,о,,,,,SPRO,ОН,SPRO sg 3p m nom,Н
8001,,хотел,ХОТЕТЬ,V ipf praet sg indic m 3p,,,"кем бы он _хотел_ сыграть , то",л,е,т,о,х,,V,ХОТЕТЬ,V ipf praet sg indic m -,Ь
8002,,сыграть,СЫГРАТЬ,V pf - - inf - -,,,"бы он хотел _сыграть_ , то он",ь,т,а,р,г,ы,V,СЫГРАТЬ,V pf - - inf - -,Ь
8003,,",",",",PUNCT,,,,,,,,,,PUNCT,,,
8004,,то,ТО,CONJ,,,"хотел сыграть , _то_ он говорил ,",о,т,,,,,CONJ,ТО,CONJ,О
8005,,он,ОН,SPRO sg 3p m nom,,,"сыграть , то _он_ говорил , что",н,о,,,,,SPRO,ОН,SPRO sg 3p m nom,Н
8006,,говорил,ГОВОРИТЬ,V ipf praet sg indic m -,,,", то он _говорил_ , что :",л,и,р,о,в,о,V,ГОВОРИТЬ,V ipf praet sg indic m -,Ь
8007,,",",",",PUNCT,,,,,,,,,,PUNCT,,,
8008,,что,ЧТО,CONJ,,,"он говорил , _что_ : "" Я",о,т,ч,,,,CONJ,ЧТО,CONJ,О
8009,,:,:,PUNCT,,,,,,,,,,PUNCT,,,
8010,,"""","""",PUNCT,,,,,,,,,,PUNCT,,,
8011,,Я,Я,SPRO sg 1p - nom,,,"что : "" _Я_ хотел бы сыграть",я,,,,,,SPRO,Я,SPRO sg 1p - nom,Я
8012,,хотел,ХОТЕТЬ,V ipf praet sg indic m 1p,,,": "" Я _хотел_ бы сыграть с",л,е,т,о,х,,V,ХОТЕТЬ,V ipf praet sg indic m -,Ь
8013,,бы,БЫ,PART,,,""" Я хотел _бы_ сыграть с Коби",ы,б,,,,,PART,БЫ,PART,Ы
8014,,сыграть,СЫГРАТЬ,V pf - - inf - -,,,"Я хотел бы _сыграть_ с Коби ,",ь,т,а,р,г,ы,V,СЫГРАТЬ,V pf - - inf - -,Ь
8015,,с,С,PR,,,"хотел бы сыграть _с_ Коби , проверить",с,,,,,,PR,С,PR,С
8016,,Коби,КОБИ,S m anim ins sg persn,,,"бы сыграть с _Коби_ , проверить кто",и,б,о,к,,,S,КОБИ,S f inan nonflex -,И
8017,,",",",",PUNCT,,,,,,,,,,PUNCT,,,
8018,,проверить,ПРОВЕРИТЬ,V pf - - inf - -,,,"с Коби , _проверить_ кто из нас",ь,т,и,р,е,в,V,ПРОВЕРИТЬ,V pf - - inf - -,Ь
8019,,кто,КТО,SPRO m anim nom sg,,,"Коби , проверить _кто_ из нас сильнее",о,т,к,,,,S,КТО,S m - nom sg,О
8020,,из,ИЗ,PR,,,", проверить кто _из_ нас сильнее """,з,и,,,,,PR,ИЗ,PR,З
8021,,нас,МЫ,SPRO pl - - loc,,,"проверить кто из _нас_ сильнее "" .",с,а,н,,,,SPRO,МЫ,SPRO pl 1p - loc,Ы
8022,,сильнее,СИЛЬНЫЙ,ADV comp,,,"кто из нас _сильнее_ "" . ",е,е,н,ь,л,и,ADV,СИЛЬНО,ADV comp,Й
8023,,"""","""",PUNCT,,,,,,,,,,PUNCT,,,
8024,,.,.,PUNCT,,,,,,,,,,PUNCT,,,
8025,,,,,,,,,,,,,,,,,
8026,# sent = 689,,,,,,,,,,,,,,,,
8027,,Но,НО,CONJ,,,.   _Но_ Коби так и не,о,н,,,,,CONJ,НО,CONJ,О
8028,,Коби,КОБИ,S m anim nom sg,,,  Но _Коби_ так и не свелось,и,б,о,к,,,S,КОБИ,S m anim nonflex -,И
8029,,так и,так и,CONJ,,, Но Коби _так и_ не свелось с,и, ,к,а,т,,CONJ,так и,CONJ,и
8030,,не,НЕ,PART,,,Но Коби так и _не_ свелось с ним,е,н,,,,,PART,НЕ,PART,Е
8031,,свелось,СВЕСТИСЬ,V pf praet sg indic n -,,,Коби так и не _свелось_ с ним сыграть,ь,с,о,л,е,в,V,СВЕСТИСЬ,V pf praet sg indic n -,Ь
8032,,с,С,PR,,,так и не свелось _с_ ним сыграть .,с,,,,,,PR,С,PR,С
8033,,ним,ОН,SPRO sg 3p m ins,,,не свелось с _ним_ сыграть . ,м,и,н,,,,SPRO,ОН,SPRO sg 3p m ins,Н
8034,,сыграть,СЫГРАТЬ,V pf - - inf - -,,,свелось с ним _сыграть_ .  ,ь,т,а,р,г,ы,V,СЫГРАТЬ,V pf - - inf - -,Ь
8035,,.,.,PUNCT,,,,,,,,,,PUNCT,,,
8036,,,,,,,,,,,,,,,,,
8037,# sent = 690,,,,,,,,,,,,,,,,
8038,# speaker = Катя,,,,,,,,,,,,,,,,
8039,# sent = 691,,,,,,,,,,,,,,,,
8040,,Возможно,ВОЗМОЖНО,ADV -,,,   _Возможно_ ли добиться успехов,о,н,ж,о,м,з,ADV,ВОЗМОЖНО,ADV -,О
8041,,ли,ЛИ,PART,,,  Возможно _ли_ добиться успехов в,и,л,,,,,PART,ЛИ,PART,И
8042,,добиться,ДОБИТЬСЯ,V pf - - inf - -,,, Возможно ли _добиться_ успехов в баскетболе,я,с,ь,т,и,б,V,ДОБИТЬСЯ,V pf - - inf - -,Я
8043,,успехов,УСПЕХ,S m inan gen pl,,,Возможно ли добиться _успехов_ в баскетболе самому,в,о,х,е,п,с,S,УСПЕХ,S m inan gen pl,Х
8044,,в,В,PR,,,ли добиться успехов _в_ баскетболе самому ?,в,,,,,,PR,В,PR,В
8045,,баскетболе,БАСКЕТБОЛ,S m inan loc sg,,,добиться успехов в _баскетболе_ самому ? ,е,л,о,б,т,е,S,БАСКЕТБОЛ,S m inan loc sg,Л
8046,,самому,САМ,A - dat sg plen m -,,,успехов в баскетболе _самому_ ?  ,у,м,о,м,а,с,A,САМ,A - dat sg plen m -,М
8047,,?,?,PUNCT,,,,,,,,,,PUNCT,,,
8048,,,,,,,,,,,,,,,,,
8049,# sent = 692,,,,,,,,,,,,,,,,
8050,,Или,ИЛИ,CONJ,,,?   _Или_ для этого обязательно,и,л,и,,,,CONJ,ИЛИ,CONJ,И
8051,,для,ДЛЯ,PR,,,  Или _для_ этого обязательно нужен,я,л,д,,,,PR,ДЛЯ,PR,Я
8052,,этого,ЭТО,SPRO n - gen sg,,, Или для _этого_ обязательно нужен тренер,о,г,о,т,э,,SPRO,ЭТО,S n - gen sg,О
8053,,обязательно,ОБЯЗАТЕЛЬНО,ADV -,,,Или для этого _обязательно_ нужен тренер ?,о,н,ь,л,е,т,ADV,ОБЯЗАТЕЛЬНО,ADV -,О
8054,,нужен,НУЖНЫЙ,A - - sg brev m -,,,для этого обязательно _нужен_ тренер ? ,н,е,ж,у,н,,A,НУЖНЫЙ,A - - sg brev m -,Й
8055,,тренер,ТРЕНЕР,S m anim nom sg,,,этого обязательно нужен _тренер_ ?  ,р,е,н,е,р,т,S,ТРЕНЕР,S m anim nom sg,Р
8056,,?,?,PUNCT,,,,,,,,,,PUNCT,,,
8057,,,,,,,,,,,,,,,,,
8058,# sent = 693,,,,,,,,,,,,,,,,
8059,# speaker = Макс,,,,,,,,,,,,,,,,
8060,# sent = 694,,,,,,,,,,,,,,,,
8061,,Ну,НУ,PART,,,"   _Ну_ , кажый игрок",у,н,,,,,PART,НУ,PART,У
8062,,",",",",PUNCT,,,,,,,,,,PUNCT,,,
8063,,кажый,КАЖДЫЙ,APRO - nom sg plen m -,distort,," Ну , _кажый_ игрок , когда",й,ы,ж,а,к,,APRO,КАЖЫЙ,NONLEX,Й
8064,,игрок,ИГРОК,S m anim nom sg,,,"Ну , кажый _игрок_ , когда приходит",к,о,р,г,и,,S,ИГРОК,S m anim nom sg,К
8065,,",",",",PUNCT,,,,,,,,,,PUNCT,,,
8066,,когда,КОГДА,CONJ,,,"кажый игрок , _когда_ приходит на тренировки",а,д,г,о,к,,CONJ,КОГДА,CONJ,А
8067,,приходит,ПРИХОДИТЬ,V ipf praes sg indic - 3p,,,"игрок , когда _приходит_ на тренировки ,",т,и,д,о,х,и,V,ПРИХОДИТЬ,V ipf praes sg indic - 3p,Ь
8068,,на,НА,PR,,,", когда приходит _на_ тренировки , у",а,н,,,,,PR,НА,PR,А
8069,,тренировки,ТРЕНИРОВКА,S f inan gen sg,,,"когда приходит на _тренировки_ , у него",и,к,в,о,р,и,S,ТРЕНИРОВКА,S f inan gen sg,А
8070,,",",",",PUNCT,,,,,,,,,,PUNCT,,,
8071,,у,У,PR,,,"на тренировки , _у_ него уже есть",у,,,,,,PR,У,PR,У
8072,,него,ОН,SPRO sg 3p m gen,,,"тренировки , у _него_ уже есть определённые",о,г,е,н,,,SPRO,ОН,SPRO sg 3p m acc,Н
8073,,уже,УЖЕ,ADV -,,,", у него _уже_ есть определённые навыки",е,ж,у,,,,ADV,УЖЕ,ADV -,Е
8074,,есть,БЫТЬ,V ipf praes pl indic - 3p,,,"у него уже _есть_ определённые навыки ,",ь,т,с,е,,,V,БЫТЬ,V ipf praes sg indic - 3p,Ь
8075,,определённые,ОПРЕДЕЛЕННЫЙ,A - acc pl plen - inan,,,"него уже есть _определённые_ навыки , умения",е,ы,н,н,ё,л,A,ОПРЕДЕЛЕННЫЙ,A - acc pl plen - inan,Й
8076,,навыки,НАВЫК,S m inan acc pl,,,"уже есть определённые _навыки_ , умения и",и,к,ы,в,а,н,S,НАВЫК,S m inan acc pl,К
8077,,",",",",PUNCT,,,,,,,,,,PUNCT,,,
8078,,умения,УМЕНИЕ,S n inan gen sg,,,"определённые навыки , _умения_ и , эээ",я,и,н,е,м,у,S,УМЕНИЕ,S n inan gen sg,Е
8079,,и,И,CONJ,,,"навыки , умения _и_ , эээ .",и,,,,,,CONJ,И,CONJ,И
8080,,",",",",PUNCT,,,,,,,,,,PUNCT,,,
8081,,эээ,ЭЭЭ,NONLEX,,,"умения и , _эээ_ .  ",э,э,э,,,,NONLEX,ЭЭЭ,NONLEX,Э
8082,,.,.,PUNCT,,,,,,,,,,PUNCT,,,
8083,,,,,,,,,,,,,,,,,
8084,# sent = 695,,,,,,,,,,,,,,,,
8085,,Ну,НУ,PART,,,".   _Ну_ , Думаю ,",у,н,,,,,PART,НУ,PART,У
8086,,",",",",PUNCT,,,,,,,,,,PUNCT,,,
8087,,Думаю,ДУМАТЬ,V ipf praes sg indic - 1p,,," Ну , _Думаю_ , что игрок",ю,а,м,у,д,,V,ДУМАТЬ,V ipf praes sg indic - 1p,Ь
8088,,",",",",PUNCT,,,,,,,,,,PUNCT,,,
8089,,что,ЧТО,CONJ,,,", Думаю , _что_ игрок приходит совсем",о,т,ч,,,,CONJ,ЧТО,CONJ,О
8090,,игрок,ИГРОК,S m anim nom sg,,,"Думаю , что _игрок_ приходит совсем неумелым",к,о,р,г,и,,S,ИГРОК,S m anim nom sg,К
8091,,приходит,ПРИХОДИТЬ,V ipf praes sg indic - 3p,,,", что игрок _приходит_ совсем неумелым и",т,и,д,о,х,и,V,ПРИХОДИТЬ,V ipf praes sg indic - 3p,Ь
8092,,совсем,СОВСЕМ,ADV -,,,что игрок приходит _совсем_ неумелым и тренер,м,е,с,в,о,с,ADV,СОВСЕМ,ADV -,М
8093,,неумелым,НЕУМЕЛЫЙ,A - ins sg plen m -,,,"игрок приходит совсем _неумелым_ и тренер ,",м,ы,л,е,м,у,A,НЕУМЕЛЫЙ,A - ins sg plen m -,Й
8094,,и,И,CONJ,,,"приходит совсем неумелым _и_ тренер , смотря",и,,,,,,CONJ,И,CONJ,И
8095,,тренер,ТРЕНЕР,S m anim nom sg,,,"совсем неумелым и _тренер_ , смотря на",р,е,н,е,р,т,S,ТРЕНЕР,S m anim nom sg,Р
8096,,",",",",PUNCT,,,,,,,,,,PUNCT,,,
8097,,смотря,СМОТРЕТЬ,V ipf praes - ger - -,,,"и тренер , _смотря_ на то ,",я,р,т,о,м,с,CONJ,СМОТРЯ,CONJ,Ь
8098,,на,НА,PR,,,"тренер , смотря _на_ то , что",а,н,,,,,PR,НА,PR,А
8099,,то,ТО,SPRO n - acc sg,,,", смотря на _то_ , что у",о,т,,,,,SPRO,ТО,S n - acc sg,О
8100,,",",",",PUNCT,,,,,,,,,,PUNCT,,,
8101,,что,ЧТО,CONJ,,,"на то , _что_ у него не",о,т,ч,,,,CONJ,ЧТО,CONJ,О
8102,,у,У,PR,,,"то , что _у_ него не получается",у,,,,,,PR,У,PR,У
8103,,него,ОН,SPRO sg 3p m gen,,,", что у _него_ не получается ,",о,г,е,н,,,SPRO,ОН,SPRO sg 3p m acc,Н
8104,,не,НЕ,PART,,,"что у него _не_ получается , он",е,н,,,,,PART,НЕ,PART,Е
8105,,получается,ПОЛУЧАТЬСЯ,V ipf praes sg indic - 3p,,,"у него не _получается_ , он пытается",я,с,т,е,а,ч,V,ПОЛУЧАТЬСЯ,V ipf praes sg indic - 3p,Я
8106,,",",",",PUNCT,,,,,,,,,,PUNCT,,,
8107,,он,ОН,SPRO sg 3p m nom,,,"не получается , _он_ пытается его чему-то",н,о,,,,,SPRO,ОН,SPRO sg 3p m nom,Н
8108,,пытается,ПЫТАТЬСЯ,V ipf praes sg indic - 3p,,,"получается , он _пытается_ его чему-то научить",я,с,т,е,а,т,V,ПЫТАТЬСЯ,V ipf praes sg indic - 3p,Я
8109,,его,ОН,SPRO sg 3p m acc,,,", он пытается _его_ чему-то научить .",о,г,е,,,,SPRO,ОН,SPRO sg 3p m acc,Н
8110,,чему-то,ЧТО-ТО,SPRO n inan dat sg,,,он пытается его _чему-то_ научить . ,о,т,-,у,м,е,SPRO,ЧТО-ТО,S n - dat sg,О
8111,,научить,НАУЧИТЬ,V pf - - inf - -,,,пытается его чему-то _научить_ .  ,ь,т,и,ч,у,а,V,НАУЧИТЬ,V pf - - inf - -,Ь
8112,,.,.,PUNCT,,,,,,,,,,PUNCT,,,
8113,,,,,,,,,,,,,,,,,
8114,# sent = 696,,,,,,,,,,,,,,,,
8115,"<distinct form=""",,,,,,,,,,,,,,,,
8116,<dist>,Нуу,,,,,,,,,,,,,,,
8117,""">",,,,,,,,,,,,,,,,
8118,,Ну,НУ,PART,,," Нуу  _Ну_  , работа",у,н,,,,,PART,НУ,PART,У
8119,</distinct>,,,,,,,,,,,,,,,,
8120,,",",",",PUNCT,,,,,,,,,,PUNCT,,,
8121,,работа,РАБОТА,S f inan nom sg,,,"Ну  , _работа_ тренера , думаю",а,т,о,б,а,р,S,РАБОТА,S f inan nom sg,А
8122,,тренера,ТРЕНЕР,S m anim gen sg,,," , работа _тренера_ , думаю ,",а,р,е,н,е,р,S,ТРЕНЕР,S m anim gen sg,Р
8123,,",",",",PUNCT,,,,,,,,,,PUNCT,,,
8124,,думаю,ДУМАТЬ,V ipf praes sg indic - 1p,,,"работа тренера , _думаю_ , она очень",ю,а,м,у,д,,V,ДУМАТЬ,V ipf praes sg indic - 1p,Ь
8125,,",",",",PUNCT,,,,,,,,,,PUNCT,,,
8126,,она,ОНА,SPRO sg 3p f nom,,,", думаю , _она_ очень важная ,",а,н,о,,,,SPRO,ОНА,SPRO sg 3p f nom,А
8127,,очень,ОЧЕНЬ,ADV -,,,"думаю , она _очень_ важная , в",ь,н,е,ч,о,,ADV,ОЧЕНЬ,ADV -,Ь
8128,,важная,ВАЖНЫЙ,A - nom sg plen f -,,,", она очень _важная_ , в плане",я,а,н,ж,а,в,A,ВАЖНЫЙ,A - nom sg plen f -,Й
8129,,",",",",PUNCT,,,,,,,,,,PUNCT,,,
8130,,в,В,PR,,,"очень важная , _в_ плане того ,",в,,,,,,PR,В,PR,В
8131,,плане,ПЛАН,S m inan loc sg,,,"важная , в _плане_ того , что",е,н,а,л,п,,S,ПЛАН,S m inan loc sg,Н
8132,,того,ТО,SPRO n - gen sg,,,", в плане _того_ , что тренер",о,г,о,т,,,SPRO,ТО,S n - gen sg,О
8133,,",",",",PUNCT,,,,,,,,,,PUNCT,,,
8134,,что,ЧТО,CONJ,,,"плане того , _что_ тренер может ...",о,т,ч,,,,CONJ,ЧТО,CONJ,О
8135,,тренер,ТРЕНЕР,S m anim nom sg,,,"того , что _тренер_ может ... ",р,е,н,е,р,т,S,ТРЕНЕР,S m anim nom sg,Р
8136,,может,МОЧЬ,V ipf praes sg indic - 3p,,,", что тренер _может_ ...  ",т,е,ж,о,м,,V,МОЧЬ,V ipf praes sg indic - 3p,Ь
8137,,...,...,PUNCT,,,,,,,,,,PUNCT,,,
8138,,,,,,,,,,,,,,,,,
8139,# sent = 697,,,,,,,,,,,,,,,,
8140,,Эээ,ЭЭЭ,NONLEX,,,...   _Эээ_ ...  ,э,э,э,,,,NONLEX,ЭЭЭ,NONLEX,Э
8141,,...,...,PUNCT,,,,,,,,,,PUNCT,,,
8142,,,,,,,,,,,,,,,,,
8143,# sent = 698,,,,,,,,,,,,,,,,
8144,,Погубить,ПОГУБИТЬ,V pf - - inf - -,,,"...   _Погубить_ игрока , так",ь,т,и,б,у,г,V,ПОГУБИТЬ,V pf - - inf - -,Ь
8145,,игрока,ИГРОК,S m anim gen sg,,,"  Погубить _игрока_ , так может",а,к,о,р,г,и,S,ИГРОК,S m anim acc sg,К
8146,,",",",",PUNCT,,,,,,,,,,PUNCT,,,
8147,,так,ТАК,ADV -,,,"Погубить игрока , _так_ может и перевести",к,а,т,,,,ADV,ТАК,ADV -,К
8148,,может,МОЧЬ,V ipf praes sg indic - 3p,,,"игрока , так _может_ и перевести его",т,е,ж,о,м,,V,МОЧЬ,V ipf praes sg indic - 3p,Ь
8149,,и,И,CONJ,,,", так может _и_ перевести его на",и,,,,,,CONJ,И,CONJ,И
8150,,перевести,ПЕРЕВЕСТИ,V pf - - inf - -,,,так может и _перевести_ его на новый,и,т,с,е,в,е,V,ПЕРЕВЕСТИ,V pf - - inf - -,И
8151,,его,ОН,SPRO sg 3p m acc,,,может и перевести _его_ на новый уровень,о,г,е,,,,SPRO,ОН,SPRO sg 3p m acc,Н
8152,,на,НА,PR,,,и перевести его _на_ новый уровень .,а,н,,,,,PR,НА,PR,А
8153,,новый,НОВЫЙ,A - acc sg plen m inan,,,перевести его на _новый_ уровень . ,й,ы,в,о,н,,A,НОВЫЙ,A - acc sg plen m inan,Й
8154,,уровень,УРОВЕНЬ,S m inan acc sg,,,его на новый _уровень_ .  ,ь,н,е,в,о,р,S,УРОВЕНЬ,S m inan acc sg,Ь
8155,,.,.,PUNCT,,,,,,,,,,PUNCT,,,
8156,,,,,,,,,,,,,,,,,
8157,# sent = 699,,,,,,,,,,,,,,,,
8158,,Есть,БЫТЬ,V ipf praes sg indic - 3p,,,".   _Есть_ тренер , который",ь,т,с,е,,,V,БЫТЬ,V ipf praes sg indic - 3p,Ь
8159,,тренер,ТРЕНЕР,S m anim nom sg,,,"  Есть _тренер_ , который сделает",р,е,н,е,р,т,S,ТРЕНЕР,S m anim nom sg,Р
8160,,",",",",PUNCT,,,,,,,,,,PUNCT,,,
8161,,который,КОТОРЫЙ,APRO - nom sg plen m -,,,"Есть тренер , _который_ сделает твои минусы",й,ы,р,о,т,о,APRO,КОТОРЫЙ,A - nom sg plen m -,Й
8162,,сделает,СДЕЛАТЬ,V pf fut sg indic - 3p,,,"тренер , который _сделает_ твои минусы -",т,е,а,л,е,д,V,СДЕЛАТЬ,V pf fut sg indic - 3p,Ь
8163,,твои,ТВОЙ,APRO - acc pl plen - -,,,", который сделает _твои_ минусы - твоими",и,о,в,т,,,APRO,ТВОЙ,A - nom pl plen - -,Й
8164,,минусы,МИНУС,S m inan acc pl,,,который сделает твои _минусы_ - твоими плюсами,ы,с,у,н,и,м,S,МИНУС,S m inan nom pl,С
8165,,-,-,PUNCT,,,,,,,,,,PUNCT,,,
8166,,твоими,ТВОЙ,APRO - ins pl plen - -,,,"твои минусы - _твоими_ плюсами , грубо",и,м,и,о,в,т,APRO,ТВОЙ,A - ins pl plen - -,Й
8167,,плюсами,ПЛЮС,S m inan ins pl,,,"минусы - твоими _плюсами_ , грубо говоря",и,м,а,с,ю,л,S,ПЛЮС,S m inan ins pl,С
8168,,",",",",PUNCT,,,,,,,,,,PUNCT,,,
8169,,грубо,ГРУБО,ADV -,,,"твоими плюсами , _грубо_ говоря , а",о,б,у,р,г,,ADV,ГРУБО,ADV -,О
8170,,говоря,ГОВОРИТЬ,V ipf praes - ger - -,,,"плюсами , грубо _говоря_ , а есть",я,р,о,в,о,г,V,ГОВОРИТЬ,V ipf praes - ger - -,Ь
8171,,",",",",PUNCT,,,,,,,,,,PUNCT,,,
8172,,а,А,CONJ,,,"грубо говоря , _а_ есть те ,",а,,,,,,CONJ,А,CONJ,А
8173,,есть,БЫТЬ,V ipf praes pl indic - 3p,,,"говоря , а _есть_ те , кто",ь,т,с,е,,,V,БЫТЬ,V ipf praes sg indic - 3p,Ь
8174,,те,ТОТ,A - nom pl plen - -,,,", а есть _те_ , кто могут",е,т,,,,,A,ТОТ,A - nom pl plen - -,Т
8175,,",",",",PUNCT,,,,,,,,,,PUNCT,,,
8176,,кто,КТО,SPRO m anim nom sg,,,"есть те , _кто_ могут просто не",о,т,к,,,,S,КТО,S m anim nom sg,О
8177,,могут,МОЧЬ,V ipf praes pl indic - 3p,,,"те , кто _могут_ просто не увидеть",т,у,г,о,м,,V,МОЧЬ,V ipf praes pl indic - 3p,Ь
8178,,просто,ПРОСТО,PART,,,", кто могут _просто_ не увидеть в",о,т,с,о,р,п,PART,ПРОСТО,PART,О
8179,,не,НЕ,PART,,,кто могут просто _не_ увидеть в тебе,е,н,,,,,PART,НЕ,PART,Е
8180,,увидеть,УВИДЕТЬ,V pf - - inf - -,,,могут просто не _увидеть_ в тебе какой-то,ь,т,е,д,и,в,V,УВИДЕТЬ,V pf - - inf - -,Ь
8181,,в,В,PR,,,просто не увидеть _в_ тебе какой-то потенциал,в,,,,,,PR,В,PR,В
8182,,тебе,ТЫ,SPRO sg 2p - dat,,,не увидеть в _тебе_ какой-то потенциал и,е,б,е,т,,,SPRO,ТЫ,SPRO sg 2p - dat,Ы
8183,,какой-то,КАКОЙ-ТО,APRO - nom sg plen m -,,,увидеть в тебе _какой-то_ потенциал и погубить,о,т,-,й,о,к,APRO,КАКОЙ-ТО,A - nom sg plen m -,О
8184,,потенциал,ПОТЕНЦИАЛ,S m inan acc sg,,,в тебе какой-то _потенциал_ и погубить в,л,а,и,ц,н,е,S,ПОТЕНЦИАЛ,S m inan nom sg,Л
8185,,и,И,CONJ,,,тебе какой-то потенциал _и_ погубить в тебе,и,,,,,,CONJ,И,CONJ,И
8186,,погубить,ПОГУБИТЬ,V pf - - inf - -,,,какой-то потенциал и _погубить_ в тебе желание,ь,т,и,б,у,г,V,ПОГУБИТЬ,V pf - - inf - -,Ь
8187,,в,В,PR,,,"потенциал и погубить _в_ тебе желание ,",в,,,,,,PR,В,PR,В
8188,,тебе,ТЫ,SPRO sg 2p - loc,,,"и погубить в _тебе_ желание , стать",е,б,е,т,,,SPRO,ТЫ,SPRO sg 2p - dat,Ы
8189,,желание,ЖЕЛАНИЕ,S n inan nom sg,,,"погубить в тебе _желание_ , стать ,",е,и,н,а,л,е,S,ЖЕЛАНИЕ,S n inan nom sg,Е
8190,,",",",",PUNCT,,,,,,,,,,PUNCT,,,
8191,,стать,СТАТЬ,V ipf - - inf - -,,,"тебе желание , _стать_ , там ,",ь,т,а,т,с,,S,СТАТЬ,S f inan acc sg,Ь
8192,,",",",",PUNCT,,,,,,,,,,PUNCT,,,
8193,,там,ТАМ,ADV -,,,", стать , _там_ , знаменитым ,",м,а,т,,,,ADV,ТАМ,ADV -,М
8194,,",",",",PUNCT,,,,,,,,,,PUNCT,,,
8195,,знаменитым,ЗНАМЕНИТЫЙ,A - ins sg plen - m,,,", там , _знаменитым_ , популярным ,",м,ы,т,и,н,е,A,ЗНАМЕНИТЫЙ,A - dat pl plen - -,Й
8196,,",",",",PUNCT,,,,,,,,,,PUNCT,,,
8197,,популярным,ПОПУЛЯРНЫЙ,A - ins sg plen m -,,,", знаменитым , _популярным_ , хорошим игроком",м,ы,н,р,я,л,A,ПОПУЛЯРНЫЙ,A - ins sg plen m -,Й
8198,,",",",",PUNCT,,,,,,,,,,PUNCT,,,
8199,,хорошим,ХОРОШИЙ,A - ins sg plen m -,,,", популярным , _хорошим_ игроком . ",м,и,ш,о,р,о,A,ХОРОШИЙ,A - ins sg plen m -,Й
8200,,игроком,ИГРОК,S m anim ins sg,,,"популярным , хорошим _игроком_ .  ",м,о,к,о,р,г,S,ИГРОК,S m anim ins sg,К
8201,,.,.,PUNCT,,,,,,,,,,PUNCT,,,
8202,,,,,,,,,,,,,,,,,
8203,# sent = 700,,,,,,,,,,,,,,,,
8204,# speaker = Катя,,,,,,,,,,,,,,,,
8205,# sent = 701,,,,,,,,,,,,,,,,
8206,,Расскажи,РАССКАЗАТЬ,V pf - sg imper - 2p,,,   _Расскажи_ о своей баскетбольной,и,ж,а,к,с,с,V,РАССКАЗАТЬ,V pf - sg imper - 2p,Ь
8207,,о,О,PR,,,  Расскажи _о_ своей баскетбольной мечте,о,,,,,,PR,О,PR,О
8208,,своей,СВОЙ,APRO - loc sg plen f -,,, Расскажи о _своей_ баскетбольной мечте .,й,е,о,в,с,,APRO,СВОЙ,A - loc sg plen f -,Й
8209,,баскетбольной,БАСКЕТБОЛЬНЫЙ,A - loc sg plen f -,,,Расскажи о своей _баскетбольной_ мечте . ,й,о,н,ь,л,о,A,БАСКЕТБОЛЬНЫЙ,A - loc sg plen f -,Й
8210,,мечте,МЕЧТА,S f inan dat sg,,,о своей баскетбольной _мечте_ .  ,е,т,ч,е,м,,S,МЕЧТА,S f inan dat sg,А
8211,,.,.,PUNCT,,,,,,,,,,PUNCT,,,
8212,,,,,,,,,,,,,,,,,
8213,# sent = 702,,,,,,,,,,,,,,,,
8214,# speaker = Макс,,,,,,,,,,,,,,,,
8215,# sent = 703,,,,,,,,,,,,,,,,
8216,"<distinct form=""",,,,,,,,,,,,,,,,
8217,<dist>,Нуу,,,,,,,,,,,,,,,
8218,""">",,,,,,,,,,,,,,,,
8219,,Ну,НУ,PART,,, Нуу  _Ну_  ... ,у,н,,,,,PART,НУ,PART,У
8220,</distinct>,,,,,,,,,,,,,,,,
8221,,...,...,PUNCT,,,,,,,,,,PUNCT,,,
8222,,,,,,,,,,,,,,,,,
8223,# sent = 704,,,,,,,,,,,,,,,,
8224,,Как,КАК,CONJ,,,...   _Как_ и у остальных,к,а,к,,,,ADV,КАК,ADV -,К
8225,,и,И,CONJ,,,  Как _и_ у остальных баскетболистов,и,,,,,,CONJ,И,CONJ,И
8226,,у,У,PR,,," Как и _у_ остальных баскетболистов ,",у,,,,,,PR,У,PR,У
8227,,остальных,ОСТАЛЬНОЙ,A - gen pl plen - -,,,"Как и у _остальных_ баскетболистов , которые",х,ы,н,ь,л,а,A,ОСТАЛЬНОЙ,A - gen pl plen - -,Й
8228,,баскетболистов,БАСКЕТБОЛИСТ,S m anim gen pl,,,"и у остальных _баскетболистов_ , которые ещё",в,о,т,с,и,л,S,БАСКЕТБОЛИСТ,S m anim gen pl,Т
8229,,",",",",PUNCT,,,,,,,,,,PUNCT,,,
8230,,которые,КОТОРЫЙ,APRO - nom pl plen - -,,,"остальных баскетболистов , _которые_ ещё не добились",е,ы,р,о,т,о,APRO,КОТОРЫЙ,A - nom pl plen - -,Й
8231,,ещё,ЕЩЕ,ADV -,,,"баскетболистов , которые _ещё_ не добились ,",ё,щ,е,,,,ADV,ЕЩЕ,ADV -,Е
8232,,не,НЕ,PART,,,", которые ещё _не_ добились , как бы",е,н,,,,,PART,НЕ,PART,Е
8233,,добились,ДОБИТЬСЯ,V pf praet pl indic - -,,,"которые ещё не _добились_ , как бы ,",ь,с,и,л,и,б,V,ДОБИТЬСЯ,V pf praet pl indic - -,Я
8234,,",",",",PUNCT,,,,,,,,,,PUNCT,,,
8235,,как бы,как бы,PART,,,"не добились , _как бы_ , особых высот",ы,б, ,к,а,к,PART,как бы,ADV -,ы
8236,,",",",",PUNCT,,,,,,,,,,PUNCT,,,
8237,,особых,ОСОБЫЙ,A - gen pl plen - -,,,", как бы , _особых_ высот , одним",х,ы,б,о,с,о,A,ОСОБЫЙ,A - gen pl plen - -,Й
8238,,высот,ВЫСОТА,S f inan gen pl,,,"как бы , особых _высот_ , одним из",т,о,с,ы,в,,S,ВЫСОТА,S f inan gen pl,А
8239,,",",",",PUNCT,,,,,,,,,,PUNCT,,,
8240,,одним,ОДИН,ANUM - ins sg plen m -,,,"особых высот , _одним_ из главных желаний",м,и,н,д,о,,ANUM,ОДИН,A - ins sg plen m -,Н
8241,,из,ИЗ,PR,,,"высот , одним _из_ главных желаний ,",з,и,,,,,PR,ИЗ,PR,З
8242,,главных,ГЛАВНЫЙ,A - gen pl plen - -,,,", одним из _главных_ желаний , стремлений",х,ы,н,в,а,л,A,ГЛАВНЫЙ,A - gen pl plen - -,Й
8243,,желаний,ЖЕЛАНИЕ,S n inan gen pl,,,"одним из главных _желаний_ , стремлений -",й,и,н,а,л,е,S,ЖЕЛАНИЕ,S n inan gen pl,Е
8244,,",",",",PUNCT,,,,,,,,,,PUNCT,,,
8245,,стремлений,СТРЕМЛЕНИЕ,S n inan gen pl,,,"главных желаний , _стремлений_ - это ,",й,и,н,е,л,м,S,СТРЕМЛЕНИЕ,S n inan gen pl,Е
8246,,-,-,PUNCT,,,,,,,,,,PUNCT,,,
8247,,это,ЭТО,SPRO n - nom sg,,,", стремлений - _это_ , наверное ,",о,т,э,,,,SPRO,ЭТО,S n - nom sg,О
8248,,",",",",PUNCT,,,,,,,,,,PUNCT,,,
8249,,наверное,НАВЕРНОЕ,ADV -,,,"- это , _наверное_ , попасть в",е,о,н,р,е,в,ADV,НАВЕРНОЕ,ADV -,Е
8250,,",",",",PUNCT,,,,,,,,,,PUNCT,,,
8251,,попасть,ПОПАДАТЬ,V pf - - inf - -,,,", наверное , _попасть_ в национальную баскетбольную",ь,т,с,а,п,о,V,ПОПАДАТЬ,V pf - - inf - -,Ь
8252,,в,В,PR,,,"наверное , попасть _в_ национальную баскетбольную ассоциацию",в,,,,,,PR,В,PR,В
8253,,национальную,НАЦИОНАЛЬНЫЙ,A - acc sg plen f -,,,", попасть в _национальную_ баскетбольную ассоциацию ,",ю,у,н,ь,л,а,A,НАЦИОНАЛЬНЫЙ,A - acc sg plen f -,Й
8254,,баскетбольную,БАСКЕТБОЛЬНЫЙ,A - acc sg plen f -,,,"попасть в национальную _баскетбольную_ ассоциацию , играть",ю,у,н,ь,л,о,A,БАСКЕТБОЛЬНЫЙ,A - acc sg plen f -,Й
8255,,ассоциацию,АССОЦИАЦИЯ,S f inan acc sg,,,"в национальную баскетбольную _ассоциацию_ , играть со",ю,и,ц,а,и,ц,S,АССОЦИАЦИЯ,S f inan acc sg,Я
8256,,",",",",PUNCT,,,,,,,,,,PUNCT,,,
8257,,играть,ИГРАТЬ,V ipf - - inf - -,,,"баскетбольную ассоциацию , _играть_ со звёздами и",ь,т,а,р,г,и,V,ИГРАТЬ,V ipf - - inf - -,Ь
8258,,со,СО,PR,,,"ассоциацию , играть _со_ звёздами и быть",о,с,,,,,PR,СО,PR,О
8259,,звёздами,ЗВЕЗДА,S f inan ins pl,,,", играть со _звёздами_ и быть достаточно",и,м,а,д,з,ё,S,ЗВЕЗДА,S f inan ins pl,А
8260,,и,И,CONJ,,,играть со звёздами _и_ быть достаточно успешным,и,,,,,,CONJ,И,CONJ,И
8261,,быть,БЫТЬ,V ipf - - inf - -,,,со звёздами и _быть_ достаточно успешным .,ь,т,ы,б,,,V,БЫТЬ,V ipf - - inf - -,Ь
8262,,достаточно,ДОСТАТОЧНО,ADV -,,,звёздами и быть _достаточно_ успешным . ,о,н,ч,о,т,а,ADV,ДОСТАТОЧНО,ADV -,О
8263,,успешным,УСПЕШНЫЙ,A - ins sg plen n -,,,и быть достаточно _успешным_ .  ,м,ы,н,ш,е,п,A,УСПЕШНЫЙ,A - ins sg plen n -,Й
8264,,.,.,PUNCT,,,,,,,,,,PUNCT,,,
8265,,,,,,,,,,,,,,,,,
8266,# sent = 705,,,,,,,,,,,,,,,,
8267,# speaker = Катя,,,,,,,,,,,,,,,,
8268,# sent = 706,,,,,,,,,,,,,,,,
8269,,Что,ЧТО,SPRO n inan nom sg,,,   _Что_ тебя мотивирует в,о,т,ч,,,,SPRO,ЧТО,S n - nom sg,О
8270,,тебя,ТЫ,SPRO sg 2p - gen,,,  Что _тебя_ мотивирует в спорте,я,б,е,т,,,SPRO,ТЫ,SPRO sg 2p - acc,Ы
8271,,мотивирует,МОТИВИРОВАТЬ,V ipf praes sg indic - 3p,,, Что тебя _мотивирует_ в спорте ?,т,е,у,р,и,в,V,МОТИВИРОВАТЬ,V ipf praes sg indic - 3p,Ь
8272,,в,В,PR,,,Что тебя мотивирует _в_ спорте ? ,в,,,,,,PR,В,PR,В
8273,,спорте,СПОРТ,S m inan loc sg,,,тебя мотивирует в _спорте_ ?  ,е,т,р,о,п,с,S,СПОРТ,S m inan loc sg,Т
8274,,?,?,PUNCT,,,,,,,,,,PUNCT,,,
8275,,,,,,,,,,,,,,,,,
8276,# sent = 707,,,,,,,,,,,,,,,,
8277,# speaker = Макс,,,,,,,,,,,,,,,,
8278,# sent = 708,,,,,,,,,,,,,,,,
8279,,Ну,НУ,PART,,,"   _Ну_ , мотиваций в",у,н,,,,,PART,НУ,PART,У
8280,,",",",",PUNCT,,,,,,,,,,PUNCT,,,
8281,,мотиваций,МОТИВАЦИЯ,S f inan gen pl,,," Ну , _мотиваций_ в спорте каждый",й,и,ц,а,в,и,S,МОТИВАЦИЯ,S f inan nom sg,Я
8282,,в,В,PR,,,"Ну , мотиваций _в_ спорте каждый может",в,,,,,,PR,В,PR,В
8283,,спорте,СПОРТ,S m inan loc sg,,,", мотиваций в _спорте_ каждый может для",е,т,р,о,п,с,S,СПОРТ,S m inan loc sg,Т
8284,,каждый,КАЖДЫЙ,APRO - nom sg plen m -,,,мотиваций в спорте _каждый_ может для себя,й,ы,д,ж,а,к,APRO,КАЖДЫЙ,A - nom sg plen m -,Й
8285,,может,МОЧЬ,V ipf praes sg indic - 3p,,,в спорте каждый _может_ для себя найти,т,е,ж,о,м,,V,МОЧЬ,V ipf praes sg indic - 3p,Ь
8286,,для,ДЛЯ,PR,,,спорте каждый может _для_ себя найти огромное,я,л,д,,,,PR,ДЛЯ,PR,Я
8287,,себя,СЕБЯ,SPRO - - - gen,,,каждый может для _себя_ найти огромное множество,я,б,е,с,,,SPRO,СЕБЯ,SPRO - - - acc,Я
8288,,найти,НАЙТИ,V pf - - inf - -,,,может для себя _найти_ огромное множество .,и,т,й,а,н,,V,НАЙТИ,V pf - - inf - -,И
8289,,огромное,ОГРОМНЫЙ,A - acc sg plen n inan,,,для себя найти _огромное_ множество . ,е,о,н,м,о,р,A,ОГРОМНЫЙ,A - acc sg plen n inan,Й
8290,,множество,МНОЖЕСТВО,S n inan acc sg,,,себя найти огромное _множество_ .  ,о,в,т,с,е,ж,S,МНОЖЕСТВО,S n inan acc sg,О
8291,,.,.,PUNCT,,,,,,,,,,PUNCT,,,
8292,,,,,,,,,,,,,,,,,
8293,# sent = 709,,,,,,,,,,,,,,,,
8294,,Начиная,НАЧИНАТЬ,V ipf praes - ger - -,,,".   _Начиная_ от "" стать",я,а,н,и,ч,а,V,НАЧИНАТЬ,V ipf praes - ger - -,Ь
8295,,от,ОТ,PR,,,"  Начиная _от_ "" стать сильнее",т,о,,,,,PR,ОТ,PR,Т
8296,,"""","""",PUNCT,,,,,,,,,,PUNCT,,,
8297,,стать,СТАТЬ,V ipf - - inf - -,,,"Начиная от "" _стать_ сильнее и крепче",ь,т,а,т,с,,S,СТАТЬ,S f inan acc sg,Ь
8298,,сильнее,СИЛЬНЫЙ,ADV comp,,,"от "" стать _сильнее_ и крепче ,",е,е,н,ь,л,и,ADV,СИЛЬНО,ADV comp,Й
8299,,и,И,CONJ,,,""" стать сильнее _и_ крепче , и",и,,,,,,CONJ,И,CONJ,И
8300,,крепче,КРЕПКО,ADV comp,,,"стать сильнее и _крепче_ , и чувствовать",е,ч,п,е,р,к,ADV,КРЕПКО,ADV comp,О
8301,,",",",",PUNCT,,,,,,,,,,PUNCT,,,
8302,,и,И,CONJ,,,"и крепче , _и_ чувствовать себя как",и,,,,,,CONJ,И,CONJ,И
8303,,чувствовать,ЧУВСТВОВАТЬ,V ipf - - inf - -,,,"крепче , и _чувствовать_ себя как в",ь,т,а,в,о,в,V,ЧУВСТВОВАТЬ,V ipf - - inf - -,Ь
8304,,себя,СЕБЯ,SPRO - - - acc,,,", и чувствовать _себя_ как в своей",я,б,е,с,,,SPRO,СЕБЯ,SPRO - - - acc,Я
8305,,как,КАК,CONJ,,,и чувствовать себя _как_ в своей среде,к,а,к,,,,CONJ,КАК,CONJ,К
8306,,в,В,PR,,,"чувствовать себя как _в_ своей среде ,",в,,,,,,PR,В,PR,В
8307,,своей,СВОЙ,APRO - loc sg plen f -,,,"себя как в _своей_ среде , в",й,е,о,в,с,,APRO,СВОЙ,A - loc sg plen f -,Й
8308,,среде,СРЕДА,S f inan loc sg,,,"как в своей _среде_ , в одном",е,д,е,р,с,,S,СРЕДА,S f inan loc sg,А
8309,,",",",",PUNCT,,,,,,,,,,PUNCT,,,
8310,,в,В,PR,,,"своей среде , _в_ одном из великих",в,,,,,,PR,В,PR,В
8311,,одном,ОДИН,ANUM - loc sg plen m -,,,"среде , в _одном_ из великих видов",м,о,н,д,о,,ANUM,ОДИН,A - loc sg plen m -,Н
8312,,из,ИЗ,PR,,,", в одном _из_ великих видов спорта",з,и,,,,,PR,ИЗ,PR,З
8313,,великих,ВЕЛИКИЙ,A - gen pl plen - -,,,"в одном из _великих_ видов спорта """,х,и,к,и,л,е,A,ВЕЛИКИЙ,A - gen pl plen - -,Й
8314,,видов,ВИД,S m inan gen pl,,,"одном из великих _видов_ спорта "" .",в,о,д,и,в,,S,ВИД,S m inan gen pl,Д
8315,,спорта,СПОРТ,S m inan gen sg,,,"из великих видов _спорта_ "" . ",а,т,р,о,п,с,S,СПОРТ,S m inan gen sg,Т
8316,,"""","""",PUNCT,,,,,,,,,,PUNCT,,,
8317,,.,.,PUNCT,,,,,,,,,,PUNCT,,,
8318,,,,,,,,,,,,,,,,,
8319,# sent = 710,,,,,,,,,,,,,,,,
8320,"<distinct form=""",,,,,,,,,,,,,,,,
8321,<dist>,Ина,,,,,,,,,,,,,,,
8322,""">",,,,,,,,,,,,,,,,
8323,,Или,ИЛИ,CONJ,,, Ина  _Или_  Или стать,и,л,и,,,,CONJ,ИЛИ,CONJ,И
8324,</distinct>,,,,,,,,,,,,,,,,
8325,,Или,ИЛИ,CONJ,,, Или  _Или_ стать лучше определённого,и,л,и,,,,CONJ,ИЛИ,CONJ,И
8326,,стать,СТАТЬ,V ipf - - inf - -,,,Или  Или _стать_ лучше определённого игрока,ь,т,а,т,с,,S,СТАТЬ,S f inan acc sg,Ь
8327,,лучше,ХОРОШИЙ,A comp - - plen - -,,, Или стать _лучше_ определённого игрока .,е,ш,ч,у,л,,A,ХОРОШИЙ,A comp - - plen - -,Й
8328,,определённого,ОПРЕДЕЛЕННЫЙ,A - gen sg plen m -,,,Или стать лучше _определённого_ игрока . ,о,г,о,н,н,ё,A,ОПРЕДЕЛЕННЫЙ,A - gen sg plen m -,Й
8329,,игрока,ИГРОК,S m anim gen sg,,,стать лучше определённого _игрока_ .  ,а,к,о,р,г,и,S,ИГРОК,S m anim gen sg,К
8330,,.,.,PUNCT,,,,,,,,,,PUNCT,,,
8331,,,,,,,,,,,,,,,,,
8332,# sent = 711,,,,,,,,,,,,,,,,
8333,,Например,НАПРИМЕР,ADV -,,,".   _Например_ , много баскетболистов",р,е,м,и,р,п,ADV,НАПРИМЕР,ADV -,Р
8334,,",",",",PUNCT,,,,,,,,,,PUNCT,,,
8335,,много,МНОГО,ADV -,,," Например , _много_ баскетболистов брали за",о,г,о,н,м,,ADV,МНОГО,ADV -,О
8336,,баскетболистов,БАСКЕТБОЛИСТ,S m anim gen pl,,,"Например , много _баскетболистов_ брали за пример",в,о,т,с,и,л,S,БАСКЕТБОЛИСТ,S m anim gen pl,Т
8337,,брали,БРАТЬ,V ipf praet pl indic - -,,,", много баскетболистов _брали_ за пример игру",и,л,а,р,б,,V,БРАТЬ,V ipf praet pl indic - -,Ь
8338,,за,ЗА,PR,,,много баскетболистов брали _за_ пример игру других,а,з,,,,,PR,ЗА,PR,А
8339,,пример,ПРИМЕР,S m inan acc sg,,,баскетболистов брали за _пример_ игру других игроков,р,е,м,и,р,п,S,ПРИМЕР,S m inan acc sg,Р
8340,,игру,ИГРА,S f inan acc sg,,,брали за пример _игру_ других игроков .,у,р,г,и,,,S,ИГРА,S f inan acc sg,А
8341,,других,ДРУГОЙ,A - gen pl plen - -,,,за пример игру _других_ игроков . ,х,и,г,у,р,д,A,ДРУГОЙ,A - gen pl plen - -,Й
8342,,игроков,ИГРОК,S m anim gen pl,,,пример игру других _игроков_ .  ,в,о,к,о,р,г,S,ИГРОК,S m anim gen pl,К
8343,,.,.,PUNCT,,,,,,,,,,PUNCT,,,
8344,,,,,,,,,,,,,,,,,
8345,# sent = 712,,,,,,,,,,,,,,,,
8346,,Они,ОНИ,SPRO pl - - nom,,,".   _Они_ , как бы ,",и,н,о,,,,SPRO,ОНИ,SPRO pl - - nom,И
8347,,",",",",PUNCT,,,,,,,,,,PUNCT,,,
8348,,как бы,как бы,PART,,," Они , _как бы_ , вдохновлялись игрой",ы,б, ,к,а,к,PART,как бы,ADV -,ы
8349,,",",",",PUNCT,,,,,,,,,,PUNCT,,,
8350,,вдохновлялись,ВДОХНОВЛЯТЬСЯ,V ipf praet pl indic - -,,,", как бы , _вдохновлялись_ игрой , как бы",ь,с,и,л,я,л,V,ВДОХНОВЛЯТЬСЯ,V ipf praet pl indic - -,Я
8351,,игрой,ИГРА,S f inan ins sg,,,"как бы , вдохновлялись _игрой_ , как бы ,",й,о,р,г,и,,S,ИГРА,S f inan ins sg,А
8352,,",",",",PUNCT,,,,,,,,,,PUNCT,,,
8353,,как бы,как бы,PART,,,"вдохновлялись игрой , _как бы_ , других людей",ы,б, ,к,а,к,PART,как бы,ADV -,ы
8354,,",",",",PUNCT,,,,,,,,,,PUNCT,,,
8355,,других,ДРУГОЙ,A - gen pl plen - -,,,", как бы , _других_ людей , и",х,и,г,у,р,д,A,ДРУГОЙ,A - loc pl plen - -,Й
8356,,людей,ЧЕЛОВЕК,S m anim gen pl,,,"как бы , других _людей_ , и пытались",й,е,д,ю,л,,S,ЧЕЛОВЕК,S m anim acc pl,К
8357,,",",",",PUNCT,,,,,,,,,,PUNCT,,,
8358,,и,И,CONJ,,,"других людей , _и_ пытались стать намного",и,,,,,,CONJ,И,CONJ,И
8359,,пытались,ПЫТАТЬСЯ,V ipf praet pl indic - -,,,"людей , и _пытались_ стать намного лучше",ь,с,и,л,а,т,V,ПЫТАТЬСЯ,V ipf praet pl indic - -,Я
8360,,стать,СТАТЬ,V ipf - - inf - -,,,", и пытались _стать_ намного лучше ",ь,т,а,т,с,,S,СТАТЬ,S f inan acc sg,Ь
8361,,намного,НАМНОГО,ADV -,,,и пытались стать _намного_ лучше  них,о,г,о,н,м,а,ADV,НАМНОГО,ADV -,О
8362,,лучше,ХОРОШО,A comp - - plen - -,,,пытались стать намного _лучше_  них ,е,ш,ч,у,л,,ADV,ХОРОШО,ADV comp,О
8363,"<distinct form=""",,,,,,,,,,,,,,,,
8364,<dist>,них,,,,,,,,,,,,,,,
8365,""">",,,,,,,,,,,,,,,,
8366,,их,ОНИ,SPRO pl - - gen,,, них  _их_  . ,х,и,,,,,SPRO,ИХ,A - nonflex - plen - -,И
8367,</distinct>,,,,,,,,,,,,,,,,
8368,,.,.,PUNCT,,,,,,,,,,PUNCT,,,
8369,,,,,,,,,,,,,,,,,
8370,# sent = 713,,,,,,,,,,,,,,,,
8371,,Некоторые,НЕКОТОРЫЕ,S - - nom pl,,,.   _Некоторые_ из них добивались,е,ы,р,о,т,о,S,НЕКОТОРЫЕ,S - - nom pl,Е
8372,,из,ИЗ,PR,,,  Некоторые _из_ них добивались этого,з,и,,,,,PR,ИЗ,PR,З
8373,,них,ОНИ,SPRO pl - - loc,,, Некоторые из _них_ добивались этого .,х,и,н,,,,SPRO,ОНИ,SPRO pl - - loc,И
8374,,добивались,ДОБИВАТЬСЯ,V ipf praet pl indic - -,,,Некоторые из них _добивались_ этого . ,ь,с,и,л,а,в,V,ДОБИВАТЬСЯ,V ipf praet pl indic - -,Я
8375,,этого,ЭТО,SPRO n - gen sg,,,из них добивались _этого_ .  ,о,г,о,т,э,,SPRO,ЭТО,S n - gen sg,О
8376,,.,.,PUNCT,,,,,,,,,,PUNCT,,,
8377,,,,,,,,,,,,,,,,,
8378,# sent = 714,,,,,,,,,,,,,,,,
8379,,К,К,PR,,,".   _К_ примеру , когда",к,,,,,,PR,К,PR,К
8380,,примеру,ПРИМЕР,S m inan dat sg,,,"  К _примеру_ , когда ты",у,р,е,м,и,р,S,ПРИМЕР,S m inan dat sg,Р
8381,,",",",",PUNCT,,,,,,,,,,PUNCT,,,
8382,,когда,КОГДА,CONJ,,,"К примеру , _когда_ ты сидишь где-то",а,д,г,о,к,,CONJ,КОГДА,CONJ,А
8383,,ты,ТЫ,SPRO sg 2p - nom,,,"примеру , когда _ты_ сидишь где-то в",ы,т,,,,,SPRO,ТЫ,SPRO sg 2p - nom,Ы
8384,,сидишь,СИДЕТЬ,V ipf praes sg indic - 2p,,,", когда ты _сидишь_ где-то в кресле",ь,ш,и,д,и,с,V,СИДЕТЬ,V ipf praes sg indic - 2p,Ь
8385,,где-то,ГДЕ-ТО,ADV -,,,"когда ты сидишь _где-то_ в кресле ,",о,т,-,е,д,г,ADV,ГДЕ-ТО,ADV -,О
8386,,в,В,PR,,,"ты сидишь где-то _в_ кресле , смотришь",в,,,,,,PR,В,PR,В
8387,,кресле,КРЕСЛО,S n inan loc sg,,,"сидишь где-то в _кресле_ , смотришь за",е,л,с,е,р,к,S,КРЕСЛО,S n inan loc sg,О
8388,,",",",",PUNCT,,,,,,,,,,PUNCT,,,
8389,,смотришь,СМОТРЕТЬ,V ipf praes sg indic - 2p,,,"в кресле , _смотришь_ за игрой какого-то",ь,ш,и,р,т,о,V,СМОТРЕТЬ,V ipf praes sg indic - 2p,Ь
8390,,за,ЗА,PR,,,"кресле , смотришь _за_ игрой какого-то популярного",а,з,,,,,PR,ЗА,PR,А
8391,,игрой,ИГРА,S f inan ins sg,,,", смотришь за _игрой_ какого-то популярного игрока",й,о,р,г,и,,S,ИГРА,S f inan ins sg,А
8392,,какого-то,КАКОЙ-ТО,APRO - gen sg plen m -,,,смотришь за игрой _какого-то_ популярного игрока и,о,т,-,о,г,о,APRO,КАКОЙ-ТО,A - gen sg plen m -,О
8393,,популярного,ПОПУЛЯРНЫЙ,A - gen sg plen m -,,,за игрой какого-то _популярного_ игрока и потом,о,г,о,н,р,я,A,ПОПУЛЯРНЫЙ,A - gen sg plen m -,Й
8394,,игрока,ИГРОК,S m anim gen sg,,,"игрой какого-то популярного _игрока_ и потом ,",а,к,о,р,г,и,S,ИГРОК,S m anim gen sg,К
8395,,и,И,CONJ,,,"какого-то популярного игрока _и_ потом , в",и,,,,,,CONJ,И,CONJ,И
8396,,потом,ПОТОМ,ADV -,,,"популярного игрока и _потом_ , в итоге",м,о,т,о,п,,ADV,ПОТОМ,ADV -,М
8397,,",",",",PUNCT,,,,,,,,,,PUNCT,,,
8398,,в,В,PR,,,"и потом , _в_ итоге , ты",в,,,,,,PR,В,PR,В
8399,,итоге,ИТОГ,S m inan loc sg,,,"потом , в _итоге_ , ты играешь",е,г,о,т,и,,S,ИТОГ,S m inan loc sg,Г
8400,,",",",",PUNCT,,,,,,,,,,PUNCT,,,
8401,,ты,ТЫ,SPRO sg 2p - nom,,,"в итоге , _ты_ играешь против него",ы,т,,,,,SPRO,ТЫ,SPRO sg 2p - nom,Ы
8402,,играешь,ИГРАТЬ,V ipf praes sg indic - 2p,,,"итоге , ты _играешь_ против него и",ь,ш,е,а,р,г,V,ИГРАТЬ,V ipf praes sg indic - 2p,Ь
8403,,против,ПРОТИВ,PR,,,", ты играешь _против_ него и становишься",в,и,т,о,р,п,PR,ПРОТИВ,PR,В
8404,,него,ОН,SPRO sg 3p m gen,,,ты играешь против _него_ и становишься сильнее,о,г,е,н,,,SPRO,ОН,SPRO sg 3p m acc,Н
8405,,и,И,CONJ,,,играешь против него _и_ становишься сильнее ,и,,,,,,CONJ,И,CONJ,И
8406,,становишься,СТАНОВИТЬСЯ,V ipf praes sg indic - 2p,,,против него и _становишься_ сильнее  него,я,с,ь,ш,и,в,V,СТАНОВИТЬСЯ,V ipf praes sg indic - 2p,Я
8407,,сильнее,СИЛЬНЫЙ,ADV comp,,,него и становишься _сильнее_  него ,е,е,н,ь,л,и,ADV,СИЛЬНО,ADV comp,Й
8408,"<distinct form=""",,,,,,,,,,,,,,,,
8409,<dist>,него,,,,,,,,,,,,,,,
8410,""">",,,,,,,,,,,,,,,,
8411,,его,ОН,SPRO sg 3p m acc,,, него  _его_  . ,о,г,е,,,,SPRO,ОН,SPRO sg 3p m acc,Н
8412,</distinct>,,,,,,,,,,,,,,,,
8413,,.,.,PUNCT,,,,,,,,,,PUNCT,,,
8414,,,,,,,,,,,,,,,,,
8415,# sent = 715,,,,,,,,,,,,,,,,
8416,# speaker = Макс,,,,,,,,,,,,,,,,
8417,# sent = 716,,,,,,,,,,,,,,,,
8418,,Так же,Так же,ADV -,,,   _Так же_ мотивация - не,е,ж, ,к,а,т,ADV,Так же,ADV -,е
8419,,мотивация,МОТИВАЦИЯ,S f inan nom sg,,,  Так же _мотивация_ - не проигрывать,я,и,ц,а,в,и,S,МОТИВАЦИЯ,S f inan nom sg,Я
8420,,-,-,PUNCT,,,,,,,,,,PUNCT,,,
8421,,не,НЕ,PART,,,Так же мотивация - _не_ проигрывать . ,е,н,,,,,PART,НЕ,PART,Е
8422,,проигрывать,ПРОИГРЫВАТЬ,V ipf - - inf - -,,,мотивация - не _проигрывать_ .  ,ь,т,а,в,ы,р,V,ПРОИГРЫВАТЬ,V ipf - - inf - -,Ь
8423,,.,.,PUNCT,,,,,,,,,,PUNCT,,,
8424,,,,,,,,,,,,,,,,,
8425,# sent = 717,,,,,,,,,,,,,,,,
8426,,Есть,БЫТЬ,V ipf praes pl indic - 3p,,,".   _Есть_ люди , которые",ь,т,с,е,,,V,БЫТЬ,V ipf praes sg indic - 3p,Ь
8427,,люди,ЧЕЛОВЕК,S m anim nom pl,,,"  Есть _люди_ , которые совсем",и,д,ю,л,,,S,ЧЕЛОВЕК,S m anim nom pl,К
8428,,",",",",PUNCT,,,,,,,,,,PUNCT,,,
8429,,которые,КОТОРЫЙ,APRO - nom pl plen - -,,,"Есть люди , _которые_ совсем не любят",е,ы,р,о,т,о,APRO,КОТОРЫЙ,A - nom pl plen - -,Й
8430,,совсем,СОВСЕМ,ADV -,,,"люди , которые _совсем_ не любят ",м,е,с,в,о,с,ADV,СОВСЕМ,ADV -,М
8431,,не,НЕ,PART,,,", которые совсем _не_ любят  это",е,н,,,,,PART,НЕ,PART,Е
8432,,любят,ЛЮБИТЬ,V ipf praes pl indic - 3p,,,которые совсем не _любят_  это ,т,я,б,ю,л,,V,ЛЮБИТЬ,V ipf praes pl indic - 3p,Ь
8433,"<distinct form=""",,,,,,,,,,,,,,,,
8434,<dist>,это,,,,,,,,,,,,,,,
8435,""">",,,,,,,,,,,,,,,,
8436,,этого,ЭТО,SPRO n - gen sg,,," это  _этого_  делать ,",о,г,о,т,э,,SPRO,ЭТО,S n - gen sg,О
8437,</distinct>,,,,,,,,,,,,,,,,
8438,,делать,ДЕЛАТЬ,V ipf - - inf - -,,," этого  _делать_ , проигрывать .",ь,т,а,л,е,д,V,ДЕЛАТЬ,V ipf - - inf - -,Ь
8439,,",",",",PUNCT,,,,,,,,,,PUNCT,,,
8440,,проигрывать,ПРОИГРЫВАТЬ,V ipf - - inf - -,,," делать , _проигрывать_ .  ",ь,т,а,в,ы,р,V,ПРОИГРЫВАТЬ,V ipf - - inf - -,Ь
8441,,.,.,PUNCT,,,,,,,,,,PUNCT,,,
8442,,,,,,,,,,,,,,,,,
8443,# sent = 718,,,,,,,,,,,,,,,,
8444,,Но,НО,CONJ,,,".   _Но_ , проигрывать также",о,н,,,,,CONJ,НО,CONJ,О
8445,,",",",",PUNCT,,,,,,,,,,PUNCT,,,
8446,,проигрывать,ПРОИГРЫВАТЬ,V ipf - - inf - -,,," Но , _проигрывать_ также надо уметь",ь,т,а,в,ы,р,V,ПРОИГРЫВАТЬ,V ipf - - inf - -,Ь
8447,,также,ТАКЖЕ,ADV -,,,"Но , проигрывать _также_ надо уметь .",е,ж,к,а,т,,ADV,ТАКЖЕ,ADV -,Е
8448,,надо,НАДО,PRAEDIC,,,", проигрывать также _надо_ уметь . ",о,д,а,н,,,PRAEDIC,НАДО,ADV -,О
8449,,уметь,УМЕТЬ,V ipf - - inf - -,,,проигрывать также надо _уметь_ .  ,ь,т,е,м,у,,V,УМЕТЬ,V ipf - - inf - -,Ь
8450,,.,.,PUNCT,,,,,,,,,,PUNCT,,,
8451,,,,,,,,,,,,,,,,,
8452,# sent = 719,,,,,,,,,,,,,,,,
8453,# speaker = Макс,,,,,,,,,,,,,,,,
8454,# sent = 720,,,,,,,,,,,,,,,,
8455,,Главная,ГЛАВНЫЙ,A - nom sg plen f -,,,   _Главная_ мотивация в спорте,я,а,н,в,а,л,A,ГЛАВНЫЙ,A - nom sg plen f -,Й
8456,,мотивация,МОТИВАЦИЯ,S f inan nom sg,,,  Главная _мотивация_ в спорте -,я,и,ц,а,в,и,S,МОТИВАЦИЯ,S f inan nom sg,Я
8457,,в,В,PR,,, Главная мотивация _в_ спорте - это,в,,,,,,PR,В,PR,В
8458,,спорте,СПОРТ,S m inan loc sg,,,"Главная мотивация в _спорте_ - это ,",е,т,р,о,п,с,S,СПОРТ,S m inan loc sg,Т
8459,,-,-,PUNCT,,,,,,,,,,PUNCT,,,
8460,,это,ЭТО,SPRO n - nom sg,,,"в спорте - _это_ , всё же",о,т,э,,,,SPRO,ЭТО,S n - nom sg,О
8461,,",",",",PUNCT,,,,,,,,,,PUNCT,,,
8462,,всё,ВСЕ,PART,,,"- это , _всё_ же , становиться",ё,с,в,,,,ADV,ВСЕ,ADV -,Е
8463,,же,ЖЕ,PART,,,"это , всё _же_ , становиться лучше",е,ж,,,,,PART,ЖЕ,PART,Е
8464,,",",",",PUNCT,,,,,,,,,,PUNCT,,,
8465,,становиться,СТАНОВИТЬСЯ,V ipf - - inf - -,,,"всё же , _становиться_ лучше со временем",я,с,ь,т,и,в,V,СТАНОВИТЬСЯ,V ipf - - inf - -,Я
8466,,лучше,ХОРОШО,A comp - - plen - -,,,"же , становиться _лучше_ со временем ,",е,ш,ч,у,л,,ADV,ХОРОШО,ADV comp,О
8467,,со,СО,PR,,,", становиться лучше _со_ временем , быть",о,с,,,,,PR,СО,PR,О
8468,,временем,ВРЕМЯ,S n inan ins sg,,,"становиться лучше со _временем_ , быть для",м,е,н,е,м,е,S,ВРЕМЯ,S n inan ins sg,Я
8469,,",",",",PUNCT,,,,,,,,,,PUNCT,,,
8470,,быть,БЫТЬ,V ipf - - inf - -,,,"со временем , _быть_ для кого-то идолом",ь,т,ы,б,,,V,БЫТЬ,V ipf - - inf - -,Ь
8471,,для,ДЛЯ,PR,,,"временем , быть _для_ кого-то идолом .",я,л,д,,,,PR,ДЛЯ,PR,Я
8472,,кого-то,КТО-ТО,SPRO - - gen sg,,,", быть для _кого-то_ идолом . ",о,т,-,о,г,о,S,КТО-ТО,S m - gen sg,О
8473,,идолом,ИДОЛ,S m anim ins sg,,,быть для кого-то _идолом_ .  ,м,о,л,о,д,и,S,ИДОЛ,S m anim ins sg,Л
8474,,.,.,PUNCT,,,,,,,,,,PUNCT,,,
8475,,,,,,,,,,,,,,,,,
8476,# sent = 721,,,,,,,,,,,,,,,,
8477,,Например,НАПРИМЕР,ADV -,,,".   _Например_ , эээ ...",р,е,м,и,р,п,ADV,НАПРИМЕР,ADV -,Р
8478,,",",",",PUNCT,,,,,,,,,,PUNCT,,,
8479,,эээ,ЭЭЭ,NONLEX,,," Например , _эээ_ ...  ",э,э,э,,,,NONLEX,ЭЭЭ,NONLEX,Э
8480,,...,...,PUNCT,,,,,,,,,,PUNCT,,,
8481,,,,,,,,,,,,,,,,,
8482,# sent = 722,,,,,,,,,,,,,,,,
8483,,Чтобы,ЧТОБЫ,CONJ,,,...   _Чтобы_ потом равнялись на,ы,б,о,т,ч,,CONJ,ЧТОБЫ,CONJ,Ы
8484,,потом,ПОТОМ,ADV -,,,  Чтобы _потом_ равнялись на тебя,м,о,т,о,п,,ADV,ПОТОМ,ADV -,М
8485,,равнялись,РАВНЯТЬСЯ,V ipf praet pl indic - -,,, Чтобы потом _равнялись_ на тебя .,ь,с,и,л,я,н,V,РАВНЯТЬСЯ,V ipf praet pl indic - -,Я
8486,,на,НА,PR,,,Чтобы потом равнялись _на_ тебя . ,а,н,,,,,PR,НА,PR,А
8487,,тебя,ТЫ,SPRO sg 2p - acc,,,потом равнялись на _тебя_ .  ,я,б,е,т,,,SPRO,ТЫ,SPRO sg 2p - acc,Ы
8488,,.,.,PUNCT,,,,,,,,,,PUNCT,,,
8489,,,,,,,,,,,,,,,,,
8490,# sent = 723,,,,,,,,,,,,,,,,
8491,,Желание,ЖЕЛАНИЕ,S n inan nom sg,,,".   _Желание_ , эээ ,",е,и,н,а,л,е,S,ЖЕЛАНИЕ,S n inan nom sg,Е
8492,,",",",",PUNCT,,,,,,,,,,PUNCT,,,
8493,,эээ,ЭЭЭ,NONLEX,,," Желание , _эээ_ , стать лучше",э,э,э,,,,NONLEX,ЭЭЭ,NONLEX,Э
8494,,",",",",PUNCT,,,,,,,,,,PUNCT,,,
8495,,стать,СТАТЬ,V ipf - - inf - -,,,", эээ , _стать_ лучше , чтобы",ь,т,а,т,с,,S,СТАТЬ,S f inan acc sg,Ь
8496,,лучше,ХОРОШО,A comp - - plen - -,,,"эээ , стать _лучше_ , чтобы когда",е,ш,ч,у,л,,ADV,ХОРОШО,ADV comp,О
8497,,",",",",PUNCT,,,,,,,,,,PUNCT,,,
8498,,чтобы,ЧТОБЫ,CONJ,,,"стать лучше , _чтобы_ когда смотрели на",ы,б,о,т,ч,,CONJ,ЧТОБЫ,CONJ,Ы
8499,,когда,КОГДА,CONJ,,,"лучше , чтобы _когда_ смотрели на тебя",а,д,г,о,к,,CONJ,КОГДА,CONJ,А
8500,,смотрели,СМОТРЕТЬ,V ipf praet pl indic - -,,,", чтобы когда _смотрели_ на тебя ,",и,л,е,р,т,о,V,СМОТРЕТЬ,V ipf praet pl indic - -,Ь
8501,,на,НА,PR,,,"чтобы когда смотрели _на_ тебя , хотели",а,н,,,,,PR,НА,PR,А
8502,,тебя,ТЫ,SPRO sg 2p - acc,,,"когда смотрели на _тебя_ , хотели стать",я,б,е,т,,,SPRO,ТЫ,SPRO sg 2p - acc,Ы
8503,,",",",",PUNCT,,,,,,,,,,PUNCT,,,
8504,,хотели,ХОТЕТЬ,V ipf praet pl indic - -,,,"на тебя , _хотели_ стать такими же",и,л,е,т,о,х,V,ХОТЕТЬ,V ipf praet pl indic - -,Ь
8505,,стать,СТАТЬ,V ipf - - inf - -,,,"тебя , хотели _стать_ такими же как",ь,т,а,т,с,,S,СТАТЬ,S f inan acc sg,Ь
8506,,такими,ТАКОЙ,APRO - ins pl plen - -,,,", хотели стать _такими_ же как ты",и,м,и,к,а,т,APRO,ТАКОЙ,A - ins pl plen - -,Й
8507,,же,ЖЕ,PART,,,"хотели стать такими _же_ как ты ,",е,ж,,,,,PART,ЖЕ,PART,Е
8508,,как,КАК,CONJ,,,"стать такими же _как_ ты , наверное",к,а,к,,,,CONJ,КАК,CONJ,К
8509,,ты,ТЫ,SPRO sg 2p - nom,,,"такими же как _ты_ , наверное ,",ы,т,,,,,SPRO,ТЫ,SPRO sg 2p - nom,Ы
8510,,",",",",PUNCT,,,,,,,,,,PUNCT,,,
8511,,наверное,НАВЕРНОЕ,ADV -,,,"как ты , _наверное_ , это одно",е,о,н,р,е,в,ADV,НАВЕРНОЕ,ADV -,Е
8512,,",",",",PUNCT,,,,,,,,,,PUNCT,,,
8513,,это,ЭТО,SPRO n - nom sg,,,", наверное , _это_ одно из главных",о,т,э,,,,SPRO,ЭТО,S n - nom sg,О
8514,,одно,ОДИН,ANUM - nom sg plen n -,,,"наверное , это _одно_ из главных .",о,н,д,о,,,ANUM,ОДИН,A - nom sg plen n -,Н
8515,,из,ИЗ,PR,,,", это одно _из_ главных . ",з,и,,,,,PR,ИЗ,PR,З
8516,,главных,ГЛАВНЫЙ,A - gen pl plen - -,,,это одно из _главных_ .  ,х,ы,н,в,а,л,A,ГЛАВНЫЙ,A - gen pl plen - -,Й
8517,,.,.,PUNCT,,,,,,,,,,PUNCT,,,